,UniqueID,Goal,Target,Indicator,SeriesCode,TimePeriod,Value,UniqueIDNew
12,SI_POV_EMP1 BOTHSEX                 15+       ,1.0,1.1,1.1.1,SI_POV_EMP1,2012.0,8.3,SI_POV_EMP1BOTHSEX15+
19,SI_POV_EMP1 BOTHSEX                 15+       ,1.0,1.1,1.1.1,SI_POV_EMP1,2013.0,7.0,SI_POV_EMP1BOTHSEX15+
28,SI_POV_EMP1 BOTHSEX                 15+       ,1.0,1.1,1.1.1,SI_POV_EMP1,2014.0,6.1,SI_POV_EMP1BOTHSEX15+
43,SI_POV_EMP1 BOTHSEX                 15+       ,1.0,1.1,1.1.1,SI_POV_EMP1,2015.0,5.7,SI_POV_EMP1BOTHSEX15+
48,SI_POV_EMP1 BOTHSEX                 15+       ,1.0,1.1,1.1.1,SI_POV_EMP1,2016.0,5.2,SI_POV_EMP1BOTHSEX15+
53,SI_POV_EMP1 BOTHSEX                 15+       ,1.0,1.1,1.1.1,SI_POV_EMP1,2017.0,4.6,SI_POV_EMP1BOTHSEX15+
67,SI_POV_EMP1 BOTHSEX                 15+       ,1.0,1.1,1.1.1,SI_POV_EMP1,2018.0,4.0,SI_POV_EMP1BOTHSEX15+
71,SI_POV_NAHC          ALLAREA               ,1.0,1.2,1.2.1,SI_POV_NAHC,2015.0,11.2,SI_POV_NAHCALLAREA
72,SI_POV_NAHC          ALLAREA               ,1.0,1.2,1.2.1,SI_POV_NAHC,2016.0,10.9,SI_POV_NAHCALLAREA
73,SI_POV_NAHC          ALLAREA               ,1.0,1.2,1.2.1,SI_POV_NAHC,2017.0,10.6,SI_POV_NAHCALLAREA
76,SI_COV_SOCAST                       Q1  ,1.0,1.3,1.3.1,SI_COV_SOCAST,2012.0,81.17284000000001,SI_COV_SOCASTQ1
79,SI_COV_SOCAST                       Q1  ,1.0,1.3,1.3.1,SI_COV_SOCAST,2014.0,85.01281,SI_COV_SOCASTQ1
80,SI_COV_SOCAST                       Q1  ,1.0,1.3,1.3.1,SI_COV_SOCAST,2015.0,75.55138000000001,SI_COV_SOCASTQ1
104,SP_ACS_BSRVH2O          RURAL               ,1.0,1.4,1.4.1,SP_ACS_BSRVH2O,2012.0,78.0,SP_ACS_BSRVH2ORURAL
108,SP_ACS_BSRVH2O          RURAL               ,1.0,1.4,1.4.1,SP_ACS_BSRVH2O,2013.0,79.0,SP_ACS_BSRVH2ORURAL
112,SP_ACS_BSRVH2O          RURAL               ,1.0,1.4,1.4.1,SP_ACS_BSRVH2O,2014.0,80.0,SP_ACS_BSRVH2ORURAL
114,SP_ACS_BSRVH2O          RURAL               ,1.0,1.4,1.4.1,SP_ACS_BSRVH2O,2015.0,81.0,SP_ACS_BSRVH2ORURAL
117,SP_ACS_BSRVH2O          RURAL               ,1.0,1.4,1.4.1,SP_ACS_BSRVH2O,2016.0,82.0,SP_ACS_BSRVH2ORURAL
120,SP_ACS_BSRVH2O          RURAL               ,1.0,1.4,1.4.1,SP_ACS_BSRVH2O,2017.0,83.0,SP_ACS_BSRVH2ORURAL
122,SP_ACS_BSRVH2O          RURAL               ,1.0,1.4,1.4.1,SP_ACS_BSRVH2O,2018.0,84.0,SP_ACS_BSRVH2ORURAL
125,SP_ACS_BSRVH2O          RURAL               ,1.0,1.4,1.4.1,SP_ACS_BSRVH2O,2019.0,85.0,SP_ACS_BSRVH2ORURAL
129,SP_ACS_BSRVH2O          RURAL               ,1.0,1.4,1.4.1,SP_ACS_BSRVH2O,2020.0,86.0,SP_ACS_BSRVH2ORURAL
159,SP_LGL_LNDDOC BOTHSEX                        ,1.0,1.4,1.4.2,SP_LGL_LNDDOC,2017.0,45.8,SP_LGL_LNDDOCBOTHSEX
242,VC_DSR_PDLN                         ,1.0,1.5,1.5.1,VC_DSR_PDLN,2018.0,9472983.0,VC_DSR_PDLN
243,VC_DSR_PDLN                         ,1.0,1.5,1.5.1,VC_DSR_PDLN,2019.0,29509.15,VC_DSR_PDLN
244,SG_DSR_LGRGSR                         ,1.0,1.5,1.5.3,SG_DSR_LGRGSR,2012.0,0.0,SG_DSR_LGRGSR
245,SG_DSR_LGRGSR                         ,1.0,1.5,1.5.3,SG_DSR_LGRGSR,2013.0,0.0,SG_DSR_LGRGSR
246,SG_DSR_LGRGSR                         ,1.0,1.5,1.5.3,SG_DSR_LGRGSR,2014.0,0.0,SG_DSR_LGRGSR
247,SG_DSR_LGRGSR                         ,1.0,1.5,1.5.3,SG_DSR_LGRGSR,2015.0,0.0,SG_DSR_LGRGSR
248,SG_DSR_LGRGSR                         ,1.0,1.5,1.5.3,SG_DSR_LGRGSR,2016.0,0.0,SG_DSR_LGRGSR
249,SG_DSR_LGRGSR                         ,1.0,1.5,1.5.3,SG_DSR_LGRGSR,2017.0,0.0,SG_DSR_LGRGSR
250,SG_DSR_LGRGSR                         ,1.0,1.5,1.5.3,SG_DSR_LGRGSR,2018.0,0.0,SG_DSR_LGRGSR
251,SG_DSR_LGRGSR                         ,1.0,1.5,1.5.3,SG_DSR_LGRGSR,2019.0,0.825,SG_DSR_LGRGSR
258,SG_DSR_SILN                         ,1.0,1.5,1.5.4,SG_DSR_SILN,2012.0,33.0,SG_DSR_SILN
259,SG_DSR_SILN                         ,1.0,1.5,1.5.4,SG_DSR_SILN,2013.0,28.0,SG_DSR_SILN
260,SG_DSR_SILN                         ,1.0,1.5,1.5.4,SG_DSR_SILN,2016.0,15.0,SG_DSR_SILN
261,SG_DSR_SILN                         ,1.0,1.5,1.5.4,SG_DSR_SILN,2017.0,45.0,SG_DSR_SILN
262,SG_DSR_SILN                         ,1.0,1.5,1.5.4,SG_DSR_SILN,2018.0,26.0,SG_DSR_SILN
263,SG_DSR_SILN                         ,1.0,1.5,1.5.4,SG_DSR_SILN,2019.0,9.0,SG_DSR_SILN
280,VC_DSR_AGLH                         ,1.0,1.5,1.5.2,VC_DSR_AGLH,2012.0,900280012.28,VC_DSR_AGLH
281,VC_DSR_AGLH                         ,1.0,1.5,1.5.2,VC_DSR_AGLH,2013.0,704391153.609,VC_DSR_AGLH
282,VC_DSR_AGLH                         ,1.0,1.5,1.5.2,VC_DSR_AGLH,2014.0,980674664.035,VC_DSR_AGLH
283,VC_DSR_AGLH                         ,1.0,1.5,1.5.2,VC_DSR_AGLH,2015.0,1350175672.3455,VC_DSR_AGLH
284,VC_DSR_AGLH                         ,1.0,1.5,1.5.2,VC_DSR_AGLH,2016.0,736934403.07025,VC_DSR_AGLH
285,VC_DSR_AGLH                         ,1.0,1.5,1.5.2,VC_DSR_AGLH,2017.0,491251258.85,VC_DSR_AGLH
286,VC_DSR_AGLH                         ,1.0,1.5,1.5.2,VC_DSR_AGLH,2018.0,432797245.7875,VC_DSR_AGLH
287,VC_DSR_AGLH                         ,1.0,1.5,1.5.2,VC_DSR_AGLH,2019.0,434089147.5305,VC_DSR_AGLH
292,SD_XPD_ESED                         ,1.0,1.a,1.a.2,SD_XPD_ESED,2012.0,18.09042,SD_XPD_ESED
293,SD_XPD_ESED                         ,1.0,1.a,1.a.2,SD_XPD_ESED,2013.0,17.60393,SD_XPD_ESED
294,SD_XPD_ESED                         ,1.0,1.a,1.a.2,SD_XPD_ESED,2014.0,17.67152,SD_XPD_ESED
295,SD_XPD_ESED                         ,1.0,1.a,1.a.2,SD_XPD_ESED,2015.0,20.5033,SD_XPD_ESED
296,DC_ODA_POVLG                         ,1.0,1.a,1.a.1,DC_ODA_POVLG,2012.0,0.03,DC_ODA_POVLG
297,DC_ODA_POVLG                         ,1.0,1.a,1.a.1,DC_ODA_POVLG,2013.0,0.03,DC_ODA_POVLG
298,DC_ODA_POVLG                         ,1.0,1.a,1.a.1,DC_ODA_POVLG,2014.0,0.02,DC_ODA_POVLG
299,DC_ODA_POVLG                         ,1.0,1.a,1.a.1,DC_ODA_POVLG,2015.0,0.02,DC_ODA_POVLG
300,DC_ODA_POVLG                         ,1.0,1.a,1.a.1,DC_ODA_POVLG,2016.0,0.02,DC_ODA_POVLG
301,DC_ODA_POVLG                         ,1.0,1.a,1.a.1,DC_ODA_POVLG,2017.0,0.04,DC_ODA_POVLG
302,DC_ODA_POVLG                         ,1.0,1.a,1.a.1,DC_ODA_POVLG,2018.0,0.01,DC_ODA_POVLG
303,DC_ODA_POVLG                         ,1.0,1.a,1.a.1,DC_ODA_POVLG,2019.0,0.01,DC_ODA_POVLG
304,SN_ITK_DEFC                         ,2.0,2.1,2.1.1,SN_ITK_DEFC,2012.0,9.4,SN_ITK_DEFC
305,SN_ITK_DEFC                         ,2.0,2.1,2.1.1,SN_ITK_DEFC,2013.0,8.3,SN_ITK_DEFC
306,SN_ITK_DEFC                         ,2.0,2.1,2.1.1,SN_ITK_DEFC,2014.0,7.7,SN_ITK_DEFC
307,SN_ITK_DEFC                         ,2.0,2.1,2.1.1,SN_ITK_DEFC,2015.0,7.0,SN_ITK_DEFC
308,SN_ITK_DEFC                         ,2.0,2.1,2.1.1,SN_ITK_DEFC,2016.0,6.8,SN_ITK_DEFC
309,SN_ITK_DEFC                         ,2.0,2.1,2.1.1,SN_ITK_DEFC,2017.0,6.4,SN_ITK_DEFC
310,SN_ITK_DEFC                         ,2.0,2.1,2.1.1,SN_ITK_DEFC,2018.0,6.4,SN_ITK_DEFC
311,SN_ITK_DEFC                         ,2.0,2.1,2.1.1,SN_ITK_DEFC,2019.0,6.5,SN_ITK_DEFC
314,AG_PRD_FIESMS MALE                 15+       ,2.0,2.1,2.1.2,AG_PRD_FIESMS,2015.0,24.1,AG_PRD_FIESMSMALE15+
315,AG_PRD_FIESMS MALE                 15+       ,2.0,2.1,2.1.2,AG_PRD_FIESMS,2016.0,27.1,AG_PRD_FIESMSMALE15+
320,AG_PRD_FIESMS MALE                 15+       ,2.0,2.1,2.1.2,AG_PRD_FIESMS,2017.0,31.8,AG_PRD_FIESMSMALE15+
321,AG_PRD_FIESMS MALE                 15+       ,2.0,2.1,2.1.2,AG_PRD_FIESMS,2018.0,35.6,AG_PRD_FIESMSMALE15+
326,AG_PRD_FIESMS MALE                 15+       ,2.0,2.1,2.1.2,AG_PRD_FIESMS,2019.0,39.9,AG_PRD_FIESMSMALE15+
380,SH_STA_STNT                  <5Y       ,2.0,2.2,2.2.1,SH_STA_STNT,2013.0,36.4,SH_STA_STNT<5Y
381,SH_STA_STNT                  <5Y       ,2.0,2.2,2.2.1,SH_STA_STNT,2018.0,30.8,SH_STA_STNT<5Y
391,SH_STA_WAST                  <5Y       ,2.0,2.2,2.2.2,SH_STA_WAST,2013.0,13.5,SH_STA_WAST<5Y
392,SH_STA_WAST                  <5Y       ,2.0,2.2,2.2.2,SH_STA_WAST,2018.0,10.2,SH_STA_WAST<5Y
422,SH_STA_ANEM_NPRG FEMALE                 15-49       ,2.0,2.2,2.2.3,SH_STA_ANEM_NPRG,2012.0,26.3,SH_STA_ANEM_NPRGFEMALE15-49
423,SH_STA_ANEM_NPRG FEMALE                 15-49       ,2.0,2.2,2.2.3,SH_STA_ANEM_NPRG,2013.0,26.6,SH_STA_ANEM_NPRGFEMALE15-49
424,SH_STA_ANEM_NPRG FEMALE                 15-49       ,2.0,2.2,2.2.3,SH_STA_ANEM_NPRG,2014.0,27.0,SH_STA_ANEM_NPRGFEMALE15-49
425,SH_STA_ANEM_NPRG FEMALE                 15-49       ,2.0,2.2,2.2.3,SH_STA_ANEM_NPRG,2015.0,27.6,SH_STA_ANEM_NPRGFEMALE15-49
426,SH_STA_ANEM_NPRG FEMALE                 15-49       ,2.0,2.2,2.2.3,SH_STA_ANEM_NPRG,2016.0,28.3,SH_STA_ANEM_NPRGFEMALE15-49
427,SH_STA_ANEM_NPRG FEMALE                 15-49       ,2.0,2.2,2.2.3,SH_STA_ANEM_NPRG,2017.0,29.0,SH_STA_ANEM_NPRGFEMALE15-49
428,SH_STA_ANEM_NPRG FEMALE                 15-49       ,2.0,2.2,2.2.3,SH_STA_ANEM_NPRG,2018.0,29.8,SH_STA_ANEM_NPRGFEMALE15-49
429,SH_STA_ANEM_NPRG FEMALE                 15-49       ,2.0,2.2,2.2.3,SH_STA_ANEM_NPRG,2019.0,30.6,SH_STA_ANEM_NPRGFEMALE15-49
461,PD_AGR_LSFP BOTHSEX                        ,2.0,2.3,2.3.1,PD_AGR_LSFP,2012.0,,PD_AGR_LSFPBOTHSEX
464,PD_AGR_LSFP BOTHSEX                        ,2.0,2.3,2.3.1,PD_AGR_LSFP,2013.0,,PD_AGR_LSFPBOTHSEX
467,PD_AGR_LSFP BOTHSEX                        ,2.0,2.3,2.3.1,PD_AGR_LSFP,2014.0,,PD_AGR_LSFPBOTHSEX
470,PD_AGR_LSFP BOTHSEX                        ,2.0,2.3,2.3.1,PD_AGR_LSFP,2015.0,,PD_AGR_LSFPBOTHSEX
473,PD_AGR_LSFP BOTHSEX                        ,2.0,2.3,2.3.1,PD_AGR_LSFP,2016.0,,PD_AGR_LSFPBOTHSEX
475,SI_AGR_LSFP BOTHSEX                        ,2.0,2.3,2.3.2,SI_AGR_LSFP,2012.0,,SI_AGR_LSFPBOTHSEX
479,SI_AGR_LSFP BOTHSEX                        ,2.0,2.3,2.3.2,SI_AGR_LSFP,2013.0,,SI_AGR_LSFPBOTHSEX
482,SI_AGR_LSFP BOTHSEX                        ,2.0,2.3,2.3.2,SI_AGR_LSFP,2014.0,,SI_AGR_LSFPBOTHSEX
485,SI_AGR_LSFP BOTHSEX                        ,2.0,2.3,2.3.2,SI_AGR_LSFP,2015.0,,SI_AGR_LSFPBOTHSEX
488,SI_AGR_LSFP BOTHSEX                        ,2.0,2.3,2.3.2,SI_AGR_LSFP,2016.0,,SI_AGR_LSFPBOTHSEX
490,ER_GRF_ANIMRCNTN                         ,2.0,2.5,2.5.1,ER_GRF_ANIMRCNTN,2012.0,,ER_GRF_ANIMRCNTN
491,ER_GRF_ANIMRCNTN                         ,2.0,2.5,2.5.1,ER_GRF_ANIMRCNTN,2013.0,,ER_GRF_ANIMRCNTN
492,ER_GRF_ANIMRCNTN                         ,2.0,2.5,2.5.1,ER_GRF_ANIMRCNTN,2014.0,,ER_GRF_ANIMRCNTN
493,ER_GRF_ANIMRCNTN                         ,2.0,2.5,2.5.1,ER_GRF_ANIMRCNTN,2015.0,,ER_GRF_ANIMRCNTN
494,ER_GRF_ANIMRCNTN                         ,2.0,2.5,2.5.1,ER_GRF_ANIMRCNTN,2016.0,,ER_GRF_ANIMRCNTN
495,ER_GRF_ANIMRCNTN                         ,2.0,2.5,2.5.1,ER_GRF_ANIMRCNTN,2017.0,,ER_GRF_ANIMRCNTN
496,ER_GRF_ANIMRCNTN                         ,2.0,2.5,2.5.1,ER_GRF_ANIMRCNTN,2018.0,,ER_GRF_ANIMRCNTN
497,ER_GRF_ANIMRCNTN                         ,2.0,2.5,2.5.1,ER_GRF_ANIMRCNTN,2019.0,9.0,ER_GRF_ANIMRCNTN
498,ER_GRF_ANIMRCNTN                         ,2.0,2.5,2.5.1,ER_GRF_ANIMRCNTN,2020.0,9.0,ER_GRF_ANIMRCNTN
499,ER_GRF_ANIMRCNTN                         ,2.0,2.5,2.5.1,ER_GRF_ANIMRCNTN,2021.0,9.0,ER_GRF_ANIMRCNTN
507,ER_RSK_LBREDS                         ,2.0,2.5,2.5.2,ER_RSK_LBREDS,2012.0,9.0,ER_RSK_LBREDS
508,ER_RSK_LBREDS                         ,2.0,2.5,2.5.2,ER_RSK_LBREDS,2013.0,13.0,ER_RSK_LBREDS
509,ER_RSK_LBREDS                         ,2.0,2.5,2.5.2,ER_RSK_LBREDS,2014.0,14.0,ER_RSK_LBREDS
510,ER_RSK_LBREDS                         ,2.0,2.5,2.5.2,ER_RSK_LBREDS,2015.0,12.0,ER_RSK_LBREDS
511,ER_RSK_LBREDS                         ,2.0,2.5,2.5.2,ER_RSK_LBREDS,2016.0,14.0,ER_RSK_LBREDS
512,ER_RSK_LBREDS                         ,2.0,2.5,2.5.2,ER_RSK_LBREDS,2017.0,14.0,ER_RSK_LBREDS
513,ER_RSK_LBREDS                         ,2.0,2.5,2.5.2,ER_RSK_LBREDS,2018.0,20.0,ER_RSK_LBREDS
514,ER_RSK_LBREDS                         ,2.0,2.5,2.5.2,ER_RSK_LBREDS,2019.0,21.0,ER_RSK_LBREDS
515,ER_RSK_LBREDS                         ,2.0,2.5,2.5.2,ER_RSK_LBREDS,2020.0,22.0,ER_RSK_LBREDS
516,ER_RSK_LBREDS                         ,2.0,2.5,2.5.2,ER_RSK_LBREDS,2021.0,31.0,ER_RSK_LBREDS
525,DC_TOF_AGRL                         ,2.0,2.a,2.a.2,DC_TOF_AGRL,2012.0,294.6,DC_TOF_AGRL
526,DC_TOF_AGRL                         ,2.0,2.a,2.a.2,DC_TOF_AGRL,2013.0,390.8,DC_TOF_AGRL
527,DC_TOF_AGRL                         ,2.0,2.a,2.a.2,DC_TOF_AGRL,2014.0,294.9,DC_TOF_AGRL
528,DC_TOF_AGRL                         ,2.0,2.a,2.a.2,DC_TOF_AGRL,2015.0,227.3,DC_TOF_AGRL
529,DC_TOF_AGRL                         ,2.0,2.a,2.a.2,DC_TOF_AGRL,2016.0,299.2,DC_TOF_AGRL
530,DC_TOF_AGRL                         ,2.0,2.a,2.a.2,DC_TOF_AGRL,2017.0,364.6,DC_TOF_AGRL
531,DC_TOF_AGRL                         ,2.0,2.a,2.a.2,DC_TOF_AGRL,2018.0,219.0,DC_TOF_AGRL
532,DC_TOF_AGRL                         ,2.0,2.a,2.a.2,DC_TOF_AGRL,2019.0,160.6,DC_TOF_AGRL
541,AG_XPD_AGSGB              A           ,2.0,2.a,2.a.1,AG_XPD_AGSGB,2012.0,1.35,AG_XPD_AGSGBA
542,AG_XPD_AGSGB              A           ,2.0,2.a,2.a.1,AG_XPD_AGSGB,2013.0,1.05,AG_XPD_AGSGBA
543,AG_XPD_AGSGB              A           ,2.0,2.a,2.a.1,AG_XPD_AGSGB,2014.0,0.82,AG_XPD_AGSGBA
544,AG_XPD_AGSGB              A           ,2.0,2.a,2.a.1,AG_XPD_AGSGB,2015.0,3.09,AG_XPD_AGSGBA
545,AG_XPD_AGSGB              A           ,2.0,2.a,2.a.1,AG_XPD_AGSGB,2016.0,1.57,AG_XPD_AGSGBA
546,AG_XPD_AGSGB              A           ,2.0,2.a,2.a.1,AG_XPD_AGSGB,2017.0,4.3,AG_XPD_AGSGBA
547,AG_XPD_AGSGB              A           ,2.0,2.a,2.a.1,AG_XPD_AGSGB,2018.0,4.19,AG_XPD_AGSGBA
548,AG_XPD_AGSGB              A           ,2.0,2.a,2.a.1,AG_XPD_AGSGB,2019.0,3.94,AG_XPD_AGSGBA
549,AG_PRD_XSUBDY                         ,2.0,2.b,2.b.1,AG_PRD_XSUBDY,2012.0,0.0,AG_PRD_XSUBDY
550,AG_PRD_XSUBDY                         ,2.0,2.b,2.b.1,AG_PRD_XSUBDY,2013.0,0.0,AG_PRD_XSUBDY
551,AG_PRD_XSUBDY                         ,2.0,2.b,2.b.1,AG_PRD_XSUBDY,2014.0,0.0,AG_PRD_XSUBDY
552,AG_PRD_XSUBDY                         ,2.0,2.b,2.b.1,AG_PRD_XSUBDY,2015.0,0.0,AG_PRD_XSUBDY
553,AG_PRD_XSUBDY                         ,2.0,2.b,2.b.1,AG_PRD_XSUBDY,2016.0,0.0,AG_PRD_XSUBDY
554,AG_PRD_XSUBDY                         ,2.0,2.b,2.b.1,AG_PRD_XSUBDY,2017.0,0.0,AG_PRD_XSUBDY
555,AG_PRD_XSUBDY                         ,2.0,2.b,2.b.1,AG_PRD_XSUBDY,2018.0,0.0,AG_PRD_XSUBDY
586,AG_FPA_CFPI                         ,2.0,2.c,2.c.1,AG_FPA_CFPI,2012.0,-0.4,AG_FPA_CFPI
587,AG_FPA_CFPI                         ,2.0,2.c,2.c.1,AG_FPA_CFPI,2013.0,0.6,AG_FPA_CFPI
588,AG_FPA_CFPI                         ,2.0,2.c,2.c.1,AG_FPA_CFPI,2014.0,-0.7,AG_FPA_CFPI
589,AG_FPA_CFPI                         ,2.0,2.c,2.c.1,AG_FPA_CFPI,2015.0,-0.5,AG_FPA_CFPI
590,AG_FPA_CFPI                         ,2.0,2.c,2.c.1,AG_FPA_CFPI,2016.0,0.4,AG_FPA_CFPI
591,AG_FPA_CFPI                         ,2.0,2.c,2.c.1,AG_FPA_CFPI,2017.0,-1.4,AG_FPA_CFPI
592,AG_FPA_CFPI                         ,2.0,2.c,2.c.1,AG_FPA_CFPI,2018.0,-0.3,AG_FPA_CFPI
593,AG_FPA_CFPI                         ,2.0,2.c,2.c.1,AG_FPA_CFPI,2019.0,-0.9,AG_FPA_CFPI
594,AG_FPA_CFPI                         ,2.0,2.c,2.c.1,AG_FPA_CFPI,2020.0,,AG_FPA_CFPI
595,SH_STA_BRTC                         ,3.0,3.1,3.1.2,SH_STA_BRTC,2012.0,83.1,SH_STA_BRTC
596,SH_STA_BRTC                         ,3.0,3.1,3.1.2,SH_STA_BRTC,2013.0,87.4,SH_STA_BRTC
597,SH_STA_BRTC                         ,3.0,3.1,3.1.2,SH_STA_BRTC,2016.0,92.6,SH_STA_BRTC
598,SH_STA_BRTC                         ,3.0,3.1,3.1.2,SH_STA_BRTC,2017.0,90.9,SH_STA_BRTC
599,SH_STA_BRTC                         ,3.0,3.1,3.1.2,SH_STA_BRTC,2018.0,93.6,SH_STA_BRTC
600,SH_STA_BRTC                         ,3.0,3.1,3.1.2,SH_STA_BRTC,2019.0,94.7,SH_STA_BRTC
601,SH_STA_MORT FEMALE                        ,3.0,3.1,3.1.1,SH_STA_MORT,2012.0,214.0,SH_STA_MORTFEMALE
602,SH_STA_MORT FEMALE                        ,3.0,3.1,3.1.1,SH_STA_MORT,2013.0,207.0,SH_STA_MORTFEMALE
603,SH_STA_MORT FEMALE                        ,3.0,3.1,3.1.1,SH_STA_MORT,2014.0,199.0,SH_STA_MORTFEMALE
604,SH_STA_MORT FEMALE                        ,3.0,3.1,3.1.1,SH_STA_MORT,2015.0,192.0,SH_STA_MORTFEMALE
605,SH_STA_MORT FEMALE                        ,3.0,3.1,3.1.1,SH_STA_MORT,2016.0,184.0,SH_STA_MORTFEMALE
606,SH_STA_MORT FEMALE                        ,3.0,3.1,3.1.1,SH_STA_MORT,2017.0,177.0,SH_STA_MORTFEMALE
687,SH_DYN_NMRT BOTHSEX                 <1M       ,3.0,3.2,3.2.2,SH_DYN_NMRT,2012.0,16.3,SH_DYN_NMRTBOTHSEX<1M
688,SH_DYN_NMRT BOTHSEX                 <1M       ,3.0,3.2,3.2.2,SH_DYN_NMRT,2013.0,15.7,SH_DYN_NMRTBOTHSEX<1M
689,SH_DYN_NMRT BOTHSEX                 <1M       ,3.0,3.2,3.2.2,SH_DYN_NMRT,2014.0,15.2,SH_DYN_NMRTBOTHSEX<1M
690,SH_DYN_NMRT BOTHSEX                 <1M       ,3.0,3.2,3.2.2,SH_DYN_NMRT,2015.0,14.5,SH_DYN_NMRTBOTHSEX<1M
691,SH_DYN_NMRT BOTHSEX                 <1M       ,3.0,3.2,3.2.2,SH_DYN_NMRT,2016.0,13.9,SH_DYN_NMRTBOTHSEX<1M
692,SH_DYN_NMRT BOTHSEX                 <1M       ,3.0,3.2,3.2.2,SH_DYN_NMRT,2017.0,13.4,SH_DYN_NMRTBOTHSEX<1M
693,SH_DYN_NMRT BOTHSEX                 <1M       ,3.0,3.2,3.2.2,SH_DYN_NMRT,2018.0,12.9,SH_DYN_NMRTBOTHSEX<1M
694,SH_DYN_NMRT BOTHSEX                 <1M       ,3.0,3.2,3.2.2,SH_DYN_NMRT,2019.0,12.4,SH_DYN_NMRTBOTHSEX<1M
695,SH_DYN_MORTN FEMALE                 <5Y       ,3.0,3.2,3.2.1,SH_DYN_MORTN,2012.0,68417.0,SH_DYN_MORTNFEMALE<5Y
699,SH_DYN_MORTN FEMALE                 <5Y       ,3.0,3.2,3.2.1,SH_DYN_MORTN,2013.0,65537.0,SH_DYN_MORTNFEMALE<5Y
701,SH_DYN_MORTN FEMALE                 <5Y       ,3.0,3.2,3.2.1,SH_DYN_MORTN,2014.0,62673.0,SH_DYN_MORTNFEMALE<5Y
705,SH_DYN_MORTN FEMALE                 <5Y       ,3.0,3.2,3.2.1,SH_DYN_MORTN,2015.0,59826.0,SH_DYN_MORTNFEMALE<5Y
708,SH_DYN_MORTN FEMALE                 <5Y       ,3.0,3.2,3.2.1,SH_DYN_MORTN,2016.0,57144.0,SH_DYN_MORTNFEMALE<5Y
710,SH_DYN_MORTN FEMALE                 <5Y       ,3.0,3.2,3.2.1,SH_DYN_MORTN,2017.0,54550.0,SH_DYN_MORTNFEMALE<5Y
715,SH_DYN_MORTN FEMALE                 <5Y       ,3.0,3.2,3.2.1,SH_DYN_MORTN,2018.0,52164.0,SH_DYN_MORTNFEMALE<5Y
716,SH_DYN_MORTN FEMALE                 <5Y       ,3.0,3.2,3.2.1,SH_DYN_MORTN,2019.0,49915.0,SH_DYN_MORTNFEMALE<5Y
719,SH_STA_MALR                         ,3.0,3.3,3.3.3,SH_STA_MALR,2012.0,7.855939999999999,SH_STA_MALR
720,SH_STA_MALR                         ,3.0,3.3,3.3.3,SH_STA_MALR,2013.0,6.5975600000000005,SH_STA_MALR
721,SH_STA_MALR                         ,3.0,3.3,3.3.3,SH_STA_MALR,2014.0,4.9515,SH_STA_MALR
722,SH_STA_MALR                         ,3.0,3.3,3.3.3,SH_STA_MALR,2015.0,4.36937,SH_STA_MALR
723,SH_STA_MALR                         ,3.0,3.3,3.3.3,SH_STA_MALR,2016.0,4.4924800000000005,SH_STA_MALR
724,SH_STA_MALR                         ,3.0,3.3,3.3.3,SH_STA_MALR,2017.0,3.01892,SH_STA_MALR
725,SH_STA_MALR                         ,3.0,3.3,3.3.3,SH_STA_MALR,2018.0,2.27736,SH_STA_MALR
726,SH_STA_MALR                         ,3.0,3.3,3.3.3,SH_STA_MALR,2019.0,2.43281,SH_STA_MALR
727,SH_TRP_INTVN                         ,3.0,3.3,3.3.5,SH_TRP_INTVN,2012.0,146815201.0,SH_TRP_INTVN
728,SH_TRP_INTVN                         ,3.0,3.3,3.3.5,SH_TRP_INTVN,2013.0,141350574.0,SH_TRP_INTVN
729,SH_TRP_INTVN                         ,3.0,3.3,3.3.5,SH_TRP_INTVN,2014.0,127886656.0,SH_TRP_INTVN
730,SH_TRP_INTVN                         ,3.0,3.3,3.3.5,SH_TRP_INTVN,2015.0,111437132.0,SH_TRP_INTVN
731,SH_TRP_INTVN                         ,3.0,3.3,3.3.5,SH_TRP_INTVN,2016.0,101813236.0,SH_TRP_INTVN
732,SH_TRP_INTVN                         ,3.0,3.3,3.3.5,SH_TRP_INTVN,2017.0,100463258.0,SH_TRP_INTVN
733,SH_TRP_INTVN                         ,3.0,3.3,3.3.5,SH_TRP_INTVN,2018.0,100847287.0,SH_TRP_INTVN
734,SH_TRP_INTVN                         ,3.0,3.3,3.3.5,SH_TRP_INTVN,2019.0,98728063.0,SH_TRP_INTVN
735,SH_TBS_INCD                         ,3.0,3.3,3.3.2,SH_TBS_INCD,2012.0,335.0,SH_TBS_INCD
736,SH_TBS_INCD                         ,3.0,3.3,3.3.2,SH_TBS_INCD,2013.0,332.0,SH_TBS_INCD
737,SH_TBS_INCD                         ,3.0,3.3,3.3.2,SH_TBS_INCD,2014.0,329.0,SH_TBS_INCD
738,SH_TBS_INCD                         ,3.0,3.3,3.3.2,SH_TBS_INCD,2015.0,325.0,SH_TBS_INCD
739,SH_TBS_INCD                         ,3.0,3.3,3.3.2,SH_TBS_INCD,2016.0,322.0,SH_TBS_INCD
740,SH_TBS_INCD                         ,3.0,3.3,3.3.2,SH_TBS_INCD,2017.0,319.0,SH_TBS_INCD
741,SH_TBS_INCD                         ,3.0,3.3,3.3.2,SH_TBS_INCD,2018.0,316.0,SH_TBS_INCD
742,SH_TBS_INCD                         ,3.0,3.3,3.3.2,SH_TBS_INCD,2019.0,312.0,SH_TBS_INCD
743,SH_HAP_HBSAG                  <5Y       ,3.0,3.3,3.3.4,SH_HAP_HBSAG,2015.0,1.07,SH_HAP_HBSAG<5Y
752,SH_STA_SCIDE MALE                        ,3.0,3.4,3.4.2,SH_STA_SCIDE,2015.0,3.6,SH_STA_SCIDEMALE
755,SH_STA_SCIDE MALE                        ,3.0,3.4,3.4.2,SH_STA_SCIDE,2019.0,3.7,SH_STA_SCIDEMALE
765,SH_DTH_NCD BOTHSEX               CAN         ,3.0,3.4,3.4.1,SH_DTH_NCD,2015.0,194805.0,SH_DTH_NCDBOTHSEXCAN
775,SH_DTH_NCD BOTHSEX               CAN         ,3.0,3.4,3.4.1,SH_DTH_NCD,2019.0,223628.0,SH_DTH_NCDBOTHSEXCAN
788,SH_ALC_CONSPT FEMALE             A    15+       ,3.0,3.5,3.5.2,SH_ALC_CONSPT,2015.0,0.0717899999999999,SH_ALC_CONSPTFEMALEA15+
789,SH_ALC_CONSPT FEMALE             A    15+       ,3.0,3.5,3.5.2,SH_ALC_CONSPT,2019.0,0.06323,SH_ALC_CONSPTFEMALEA15+
792,SH_SUD_ALCOL BOTHSEX                 15+       ,3.0,3.5,3.5.1,SH_SUD_ALCOL,2016.0,0.8,SH_SUD_ALCOLBOTHSEX15+
796,SH_STA_TRAF BOTHSEX                        ,3.0,3.6,3.6.1,SH_STA_TRAF,2015.0,12.3,SH_STA_TRAFBOTHSEX
798,SH_STA_TRAF BOTHSEX                        ,3.0,3.6,3.6.1,SH_STA_TRAF,2019.0,11.3,SH_STA_TRAFBOTHSEX
801,SH_FPL_MTMM FEMALE                 15-49       ,3.0,3.7,3.7.1,SH_FPL_MTMM,2012.0,79.0,SH_FPL_MTMMFEMALE15-49
802,SH_FPL_MTMM FEMALE                 15-49       ,3.0,3.7,3.7.1,SH_FPL_MTMM,2015.0,78.2,SH_FPL_MTMMFEMALE15-49
803,SH_FPL_MTMM FEMALE                 15-49       ,3.0,3.7,3.7.1,SH_FPL_MTMM,2016.0,77.0,SH_FPL_MTMMFEMALE15-49
804,SH_FPL_MTMM FEMALE                 15-49       ,3.0,3.7,3.7.1,SH_FPL_MTMM,2017.0,77.0,SH_FPL_MTMMFEMALE15-49
805,SP_DYN_ADKL FEMALE                 15-19       ,3.0,3.7,3.7.2,SP_DYN_ADKL,2016.0,36.0,SP_DYN_ADKLFEMALE15-19
811,SH_XPD_EARN10                         ,3.0,3.8,3.8.2,SH_XPD_EARN10,2012.0,3.45,SH_XPD_EARN10
812,SH_XPD_EARN10                         ,3.0,3.8,3.8.2,SH_XPD_EARN10,2013.0,3.74,SH_XPD_EARN10
813,SH_XPD_EARN10                         ,3.0,3.8,3.8.2,SH_XPD_EARN10,2014.0,4.38,SH_XPD_EARN10
814,SH_XPD_EARN10                         ,3.0,3.8,3.8.2,SH_XPD_EARN10,2015.0,3.61,SH_XPD_EARN10
815,SH_XPD_EARN10                         ,3.0,3.8,3.8.2,SH_XPD_EARN10,2018.0,2.71,SH_XPD_EARN10
816,SH_ACS_UNHC                         ,3.0,3.8,3.8.1,SH_ACS_UNHC,2015.0,53.0,SH_ACS_UNHC
817,SH_ACS_UNHC                         ,3.0,3.8,3.8.1,SH_ACS_UNHC,2017.0,57.0,SH_ACS_UNHC
822,SH_STA_POISN BOTHSEX                        ,3.0,3.9,3.9.3,SH_STA_POISN,2015.0,0.3,SH_STA_POISNBOTHSEX
827,SH_STA_POISN BOTHSEX                        ,3.0,3.9,3.9.3,SH_STA_POISN,2019.0,0.3,SH_STA_POISNBOTHSEX
828,SH_STA_WASH                         ,3.0,3.9,3.9.2,SH_STA_WASH,2016.0,7.1,SH_STA_WASH
829,SH_AAP_ASMORT                         ,3.0,3.9,3.9.1,SH_AAP_ASMORT,2016.0,51.0,SH_AAP_ASMORT
831,SH_PRV_SMOK BOTHSEX                 15+       ,3.0,3.a,3.a.1,SH_PRV_SMOK,2015.0,38.2,SH_PRV_SMOKBOTHSEX15+
836,SH_PRV_SMOK BOTHSEX                 15+       ,3.0,3.a,3.a.1,SH_PRV_SMOK,2016.0,38.1,SH_PRV_SMOKBOTHSEX15+
837,SH_PRV_SMOK BOTHSEX                 15+       ,3.0,3.a,3.a.1,SH_PRV_SMOK,2017.0,38.1,SH_PRV_SMOKBOTHSEX15+
842,SH_PRV_SMOK BOTHSEX                 15+       ,3.0,3.a,3.a.1,SH_PRV_SMOK,2018.0,37.9,SH_PRV_SMOKBOTHSEX15+
851,DC_TOF_HLTHL                         ,3.0,3.b,3.b.2,DC_TOF_HLTHL,2012.0,174.55268999999998,DC_TOF_HLTHL
852,DC_TOF_HLTHL                         ,3.0,3.b,3.b.2,DC_TOF_HLTHL,2013.0,148.85123000000002,DC_TOF_HLTHL
853,DC_TOF_HLTHL                         ,3.0,3.b,3.b.2,DC_TOF_HLTHL,2014.0,76.32649,DC_TOF_HLTHL
854,DC_TOF_HLTHL                         ,3.0,3.b,3.b.2,DC_TOF_HLTHL,2015.0,103.04689,DC_TOF_HLTHL
855,DC_TOF_HLTHL                         ,3.0,3.b,3.b.2,DC_TOF_HLTHL,2016.0,139.97607,DC_TOF_HLTHL
856,DC_TOF_HLTHL                         ,3.0,3.b,3.b.2,DC_TOF_HLTHL,2017.0,375.64509,DC_TOF_HLTHL
857,DC_TOF_HLTHL                         ,3.0,3.b,3.b.2,DC_TOF_HLTHL,2018.0,80.49365999999999,DC_TOF_HLTHL
858,DC_TOF_HLTHL                         ,3.0,3.b,3.b.2,DC_TOF_HLTHL,2019.0,92.91467,DC_TOF_HLTHL
859,SH_ACS_DTP3                         ,3.0,3.b,3.b.1,SH_ACS_DTP3,2012.0,87.0,SH_ACS_DTP3
860,SH_ACS_DTP3                         ,3.0,3.b,3.b.1,SH_ACS_DTP3,2013.0,92.0,SH_ACS_DTP3
861,SH_ACS_DTP3                         ,3.0,3.b,3.b.1,SH_ACS_DTP3,2014.0,88.0,SH_ACS_DTP3
862,SH_ACS_DTP3                         ,3.0,3.b,3.b.1,SH_ACS_DTP3,2015.0,84.0,SH_ACS_DTP3
863,SH_ACS_DTP3                         ,3.0,3.b,3.b.1,SH_ACS_DTP3,2016.0,84.0,SH_ACS_DTP3
864,SH_ACS_DTP3                         ,3.0,3.b,3.b.1,SH_ACS_DTP3,2017.0,85.0,SH_ACS_DTP3
865,SH_ACS_DTP3                         ,3.0,3.b,3.b.1,SH_ACS_DTP3,2018.0,85.0,SH_ACS_DTP3
866,SH_ACS_DTP3                         ,3.0,3.b,3.b.1,SH_ACS_DTP3,2019.0,85.0,SH_ACS_DTP3
887,SH_MED_DEN               DENT          ,3.0,3.c,3.c.1,SH_MED_DEN,2012.0,0.425,SH_MED_DENDENT
889,SH_MED_DEN               DENT          ,3.0,3.c,3.c.1,SH_MED_DEN,2015.0,0.493,SH_MED_DENDENT
893,SH_MED_DEN               DENT          ,3.0,3.c,3.c.1,SH_MED_DEN,2017.0,0.546,SH_MED_DENDENT
897,SH_MED_DEN               DENT          ,3.0,3.c,3.c.1,SH_MED_DEN,2018.0,0.574,SH_MED_DENDENT
902,SH_MED_DEN               DENT          ,3.0,3.c,3.c.1,SH_MED_DEN,2019.0,0.5820000000000001,SH_MED_DENDENT
912,SH_IHR_CAPS                        IHR09 ,3.0,3.d,3.d.1,SH_IHR_CAPS,2012.0,77.0,SH_IHR_CAPSIHR09
935,SH_IHR_CAPS                        IHR09 ,3.0,3.d,3.d.1,SH_IHR_CAPS,2013.0,91.0,SH_IHR_CAPSIHR09
939,SH_IHR_CAPS                        IHR09 ,3.0,3.d,3.d.1,SH_IHR_CAPS,2014.0,94.0,SH_IHR_CAPSIHR09
956,SH_IHR_CAPS                        IHR09 ,3.0,3.d,3.d.1,SH_IHR_CAPS,2015.0,94.0,SH_IHR_CAPSIHR09
973,SH_IHR_CAPS                        IHR09 ,3.0,3.d,3.d.1,SH_IHR_CAPS,2016.0,100.0,SH_IHR_CAPSIHR09
983,SH_IHR_CAPS                        IHR09 ,3.0,3.d,3.d.1,SH_IHR_CAPS,2017.0,100.0,SH_IHR_CAPSIHR09
1029,SH_BLD_ECOLI                         ,3.0,3.d,3.d.2,SH_BLD_ECOLI,2018.0,71.88,SH_BLD_ECOLI
1030,SH_BLD_ECOLI                         ,3.0,3.d,3.d.2,SH_BLD_ECOLI,2019.0,70.14,SH_BLD_ECOLI
1035,SE_TOT_PRFL MALE       SKILL_MATH LOWSEC                ,4.0,4.1,4.1.1,SE_TOT_PRFL,2012.0,25.44,SE_TOT_PRFLMALESKILL_MATHLOWSEC
1045,SE_TOT_PRFL MALE       SKILL_MATH LOWSEC                ,4.0,4.1,4.1.1,SE_TOT_PRFL,2015.0,30.40704,SE_TOT_PRFLMALESKILL_MATHLOWSEC
1047,SE_TOT_PRFL MALE       SKILL_MATH LOWSEC                ,4.0,4.1,4.1.1,SE_TOT_PRFL,2018.0,26.12333,SE_TOT_PRFLMALESKILL_MATHLOWSEC
1060,SE_TOT_CPLR FEMALE        PRIMAR ALLAREA             _T  ,4.0,4.1,4.1.2,SE_TOT_CPLR,2012.0,96.19,SE_TOT_CPLRFEMALEPRIMARALLAREA_T
1113,SE_TOT_CPLR FEMALE        PRIMAR ALLAREA             _T  ,4.0,4.1,4.1.2,SE_TOT_CPLR,2017.0,97.63265,SE_TOT_CPLRFEMALEPRIMARALLAREA_T
1244,SE_PRE_PARTN BOTHSEX                        ,4.0,4.2,4.2.2,SE_PRE_PARTN,2012.0,99.15405,SE_PRE_PARTNBOTHSEX
1249,SE_PRE_PARTN BOTHSEX                        ,4.0,4.2,4.2.2,SE_PRE_PARTN,2013.0,99.44986,SE_PRE_PARTNBOTHSEX
1250,SE_PRE_PARTN BOTHSEX                        ,4.0,4.2,4.2.2,SE_PRE_PARTN,2014.0,99.24812,SE_PRE_PARTNBOTHSEX
1255,SE_PRE_PARTN BOTHSEX                        ,4.0,4.2,4.2.2,SE_PRE_PARTN,2016.0,95.55287,SE_PRE_PARTNBOTHSEX
1256,SE_PRE_PARTN BOTHSEX                        ,4.0,4.2,4.2.2,SE_PRE_PARTN,2017.0,96.03033,SE_PRE_PARTNBOTHSEX
1261,SE_PRE_PARTN BOTHSEX                        ,4.0,4.2,4.2.2,SE_PRE_PARTN,2018.0,95.7982,SE_PRE_PARTNBOTHSEX
1262,SE_DEV_ONTRK BOTHSEX                 M36T59       ,4.0,4.2,4.2.1,SE_DEV_ONTRK,2018.0,88.3,SE_DEV_ONTRKBOTHSEXM36T59
1263,SE_ADT_EDUCTRN BOTHSEX                        ,4.0,4.3,4.3.1,SE_ADT_EDUCTRN,2012.0,0.82719,SE_ADT_EDUCTRNBOTHSEX
1268,SE_ADT_EDUCTRN BOTHSEX                        ,4.0,4.3,4.3.1,SE_ADT_EDUCTRN,2013.0,0.7909999999999999,SE_ADT_EDUCTRNBOTHSEX
1269,SE_ADT_EDUCTRN BOTHSEX                        ,4.0,4.3,4.3.1,SE_ADT_EDUCTRN,2014.0,0.7637,SE_ADT_EDUCTRNBOTHSEX
1282,SE_ADT_ACTS BOTHSEX       PCPR                 ,4.0,4.4,4.4.1,SE_ADT_ACTS,2016.0,3.5050800000000004,SE_ADT_ACTSBOTHSEXPCPR
1296,SE_ADT_ACTS BOTHSEX       PCPR                 ,4.0,4.4,4.4.1,SE_ADT_ACTS,2017.0,3.5265699999999995,SE_ADT_ACTSBOTHSEXPCPR
1339,SE_ALP_CPLR BOTHSEX        LOWSEC              _T  ,4.0,4.5,4.5.1,SE_ALP_CPLR,2012.0,0.77472,SE_ALP_CPLRBOTHSEXLOWSEC_T
1372,SE_ALP_CPLR BOTHSEX        LOWSEC              _T  ,4.0,4.5,4.5.1,SE_ALP_CPLR,2017.0,0.88949,SE_ALP_CPLRBOTHSEXLOWSEC_T
1483,SE_GCEDESD_CUR                         ,4.0,4.7,4.7.1,SE_GCEDESD_CUR,2020.0,,SE_GCEDESD_CUR
1495,SE_ACS_H2O         PRIMAR                ,4.0,4.a,4.a.1,SE_ACS_H2O,2016.0,57.831880000000005,SE_ACS_H2OPRIMAR
1496,SE_ACS_H2O         PRIMAR                ,4.0,4.a,4.a.1,SE_ACS_H2O,2017.0,58.09987,SE_ACS_H2OPRIMAR
1500,SE_ACS_H2O         PRIMAR                ,4.0,4.a,4.a.1,SE_ACS_H2O,2018.0,58.26943000000001,SE_ACS_H2OPRIMAR
1521,DC_TOF_SCHIPSL                         ,4.0,4.b,4.b.1,DC_TOF_SCHIPSL,2012.0,66.5,DC_TOF_SCHIPSL
1522,DC_TOF_SCHIPSL                         ,4.0,4.b,4.b.1,DC_TOF_SCHIPSL,2013.0,76.0,DC_TOF_SCHIPSL
1523,DC_TOF_SCHIPSL                         ,4.0,4.b,4.b.1,DC_TOF_SCHIPSL,2014.0,72.9,DC_TOF_SCHIPSL
1524,DC_TOF_SCHIPSL                         ,4.0,4.b,4.b.1,DC_TOF_SCHIPSL,2015.0,67.4,DC_TOF_SCHIPSL
1525,DC_TOF_SCHIPSL                         ,4.0,4.b,4.b.1,DC_TOF_SCHIPSL,2016.0,56.4,DC_TOF_SCHIPSL
1526,DC_TOF_SCHIPSL                         ,4.0,4.b,4.b.1,DC_TOF_SCHIPSL,2017.0,34.0,DC_TOF_SCHIPSL
1527,DC_TOF_SCHIPSL                         ,4.0,4.b,4.b.1,DC_TOF_SCHIPSL,2018.0,53.0,DC_TOF_SCHIPSL
1528,DC_TOF_SCHIPSL                         ,4.0,4.b,4.b.1,DC_TOF_SCHIPSL,2019.0,53.6,DC_TOF_SCHIPSL
1530,VC_VAW_MARR FEMALE                 15+       ,5.0,5.2,5.2.1,VC_VAW_MARR,2018.0,7.5,VC_VAW_MARRFEMALE15+
1532,SP_DYN_MRBF15 FEMALE                 20-24       ,5.0,5.3,5.3.1,SP_DYN_MRBF15,2017.0,2.0,SP_DYN_MRBF15FEMALE20-24
1533,IC_GEN_MGTL FEMALE                        ,5.0,5.5,5.5.2,IC_GEN_MGTL,2012.0,19.29,IC_GEN_MGTLFEMALE
1534,IC_GEN_MGTL FEMALE                        ,5.0,5.5,5.5.2,IC_GEN_MGTL,2013.0,21.6,IC_GEN_MGTLFEMALE
1535,IC_GEN_MGTL FEMALE                        ,5.0,5.5,5.5.2,IC_GEN_MGTL,2014.0,23.48,IC_GEN_MGTLFEMALE
1536,IC_GEN_MGTL FEMALE                        ,5.0,5.5,5.5.2,IC_GEN_MGTL,2015.0,22.38,IC_GEN_MGTLFEMALE
1537,IC_GEN_MGTL FEMALE                        ,5.0,5.5,5.5.2,IC_GEN_MGTL,2017.0,27.46,IC_GEN_MGTLFEMALE
1538,IC_GEN_MGTL FEMALE                        ,5.0,5.5,5.5.2,IC_GEN_MGTL,2019.0,29.78,IC_GEN_MGTLFEMALE
1560,SG_GEN_LOCGELS FEMALE                        ,5.0,5.5,5.5.1,SG_GEN_LOCGELS,2018.0,14.369229999999998,SG_GEN_LOCGELSFEMALE
1561,SG_GEN_LOCGELS FEMALE                        ,5.0,5.5,5.5.1,SG_GEN_LOCGELS,2020.0,15.73536,SG_GEN_LOCGELSFEMALE
1565,SP_GNP_WNOWNS                         ,5.0,5.a,5.a.1,SP_GNP_WNOWNS,2017.0,37.43598,SP_GNP_WNOWNS
1566,SG_LGL_LNDFEMOD                         ,5.0,5.a,5.a.2,SG_LGL_LNDFEMOD,2019.0,,SG_LGL_LNDFEMOD
1567,SG_LGL_LNDFEMOD                         ,5.0,5.a,5.a.2,SG_LGL_LNDFEMOD,2020.0,,SG_LGL_LNDFEMOD
1568,IT_MOB_OWN BOTHSEX                        ,5.0,5.b,5.b.1,IT_MOB_OWN,2014.0,51.49,IT_MOB_OWNBOTHSEX
1569,IT_MOB_OWN BOTHSEX                        ,5.0,5.b,5.b.1,IT_MOB_OWN,2015.0,57.14,IT_MOB_OWNBOTHSEX
1572,IT_MOB_OWN BOTHSEX                        ,5.0,5.b,5.b.1,IT_MOB_OWN,2016.0,58.49,IT_MOB_OWNBOTHSEX
1575,IT_MOB_OWN BOTHSEX                        ,5.0,5.b,5.b.1,IT_MOB_OWN,2017.0,59.59,IT_MOB_OWNBOTHSEX
1580,IT_MOB_OWN BOTHSEX                        ,5.0,5.b,5.b.1,IT_MOB_OWN,2018.0,62.41,IT_MOB_OWNBOTHSEX
1583,IT_MOB_OWN BOTHSEX                        ,5.0,5.b,5.b.1,IT_MOB_OWN,2019.0,63.53,IT_MOB_OWNBOTHSEX
1584,SH_SAN_HNDWSH          URBAN               ,6.0,6.2,6.2.1,SH_SAN_HNDWSH,2012.0,86.0,SH_SAN_HNDWSHURBAN
1587,SH_SAN_HNDWSH          URBAN               ,6.0,6.2,6.2.1,SH_SAN_HNDWSH,2013.0,87.0,SH_SAN_HNDWSHURBAN
1592,SH_SAN_HNDWSH          URBAN               ,6.0,6.2,6.2.1,SH_SAN_HNDWSH,2014.0,89.0,SH_SAN_HNDWSHURBAN
1595,SH_SAN_HNDWSH          URBAN               ,6.0,6.2,6.2.1,SH_SAN_HNDWSH,2015.0,90.0,SH_SAN_HNDWSHURBAN
1596,SH_SAN_HNDWSH          URBAN               ,6.0,6.2,6.2.1,SH_SAN_HNDWSH,2016.0,92.0,SH_SAN_HNDWSHURBAN
1599,SH_SAN_HNDWSH          URBAN               ,6.0,6.2,6.2.1,SH_SAN_HNDWSH,2017.0,93.0,SH_SAN_HNDWSHURBAN
1602,SH_SAN_HNDWSH          URBAN               ,6.0,6.2,6.2.1,SH_SAN_HNDWSH,2018.0,95.0,SH_SAN_HNDWSHURBAN
1606,SH_SAN_HNDWSH          URBAN               ,6.0,6.2,6.2.1,SH_SAN_HNDWSH,2019.0,96.0,SH_SAN_HNDWSHURBAN
1608,SH_SAN_HNDWSH          URBAN               ,6.0,6.2,6.2.1,SH_SAN_HNDWSH,2020.0,96.0,SH_SAN_HNDWSHURBAN
1642,ER_H2O_STRESS              A           ,6.0,6.4,6.4.2,ER_H2O_STRESS,2016.0,29.7,ER_H2O_STRESSA
1646,ER_H2O_WUEYST                     INDUSTRIES    ,6.0,6.4,6.4.1,ER_H2O_WUEYST,2012.0,21.25,ER_H2O_WUEYSTINDUSTRIES
1651,ER_H2O_WUEYST                     INDUSTRIES    ,6.0,6.4,6.4.1,ER_H2O_WUEYST,2013.0,24.29,ER_H2O_WUEYSTINDUSTRIES
1654,ER_H2O_WUEYST                     INDUSTRIES    ,6.0,6.4,6.4.1,ER_H2O_WUEYST,2014.0,27.99,ER_H2O_WUEYSTINDUSTRIES
1659,ER_H2O_WUEYST                     INDUSTRIES    ,6.0,6.4,6.4.1,ER_H2O_WUEYST,2015.0,31.71,ER_H2O_WUEYSTINDUSTRIES
1662,ER_H2O_WUEYST                     INDUSTRIES    ,6.0,6.4,6.4.1,ER_H2O_WUEYST,2016.0,37.7,ER_H2O_WUEYSTINDUSTRIES
1667,ER_H2O_WUEYST                     INDUSTRIES    ,6.0,6.4,6.4.1,ER_H2O_WUEYST,2017.0,39.65,ER_H2O_WUEYSTINDUSTRIES
1670,ER_H2O_WUEYST                     INDUSTRIES    ,6.0,6.4,6.4.1,ER_H2O_WUEYST,2018.0,42.08,ER_H2O_WUEYSTINDUSTRIES
1673,EG_TBA_H2CO                         ,6.0,6.5,6.5.2,EG_TBA_H2CO,2017.0,,EG_TBA_H2CO
1674,EG_TBA_H2CO                         ,6.0,6.5,6.5.2,EG_TBA_H2CO,2020.0,1.22,EG_TBA_H2CO
1679,ER_H2O_IWRMD                 _T        ,6.0,6.5,6.5.1,ER_H2O_IWRMD,2017.0,48.15404,ER_H2O_IWRMD_T
1680,ER_H2O_IWRMD                 _T        ,6.0,6.5,6.5.1,ER_H2O_IWRMD,2020.0,66.0,ER_H2O_IWRMD_T
1776,EN_LKW_QLTRB  EXTREME                       ,6.0,6.6,6.6.1,EN_LKW_QLTRB,2017.0,14.03,EN_LKW_QLTRBEXTREME
1779,EN_LKW_QLTRB  EXTREME                       ,6.0,6.6,6.6.1,EN_LKW_QLTRB,2018.0,17.93833,EN_LKW_QLTRBEXTREME
1784,EN_LKW_QLTRB  EXTREME                       ,6.0,6.6,6.6.1,EN_LKW_QLTRB,2019.0,18.54083,EN_LKW_QLTRBEXTREME
1812,DC_TOF_WASHL                         ,6.0,6.a,6.a.1,DC_TOF_WASHL,2012.0,224.00544,DC_TOF_WASHL
1813,DC_TOF_WASHL                         ,6.0,6.a,6.a.1,DC_TOF_WASHL,2013.0,199.05801,DC_TOF_WASHL
1814,DC_TOF_WASHL                         ,6.0,6.a,6.a.1,DC_TOF_WASHL,2014.0,138.10159,DC_TOF_WASHL
1815,DC_TOF_WASHL                         ,6.0,6.a,6.a.1,DC_TOF_WASHL,2015.0,128.73209,DC_TOF_WASHL
1816,DC_TOF_WASHL                         ,6.0,6.a,6.a.1,DC_TOF_WASHL,2016.0,122.80343,DC_TOF_WASHL
1817,DC_TOF_WASHL                         ,6.0,6.a,6.a.1,DC_TOF_WASHL,2017.0,112.91909,DC_TOF_WASHL
1818,DC_TOF_WASHL                         ,6.0,6.a,6.a.1,DC_TOF_WASHL,2018.0,118.3532,DC_TOF_WASHL
1819,DC_TOF_WASHL                         ,6.0,6.a,6.a.1,DC_TOF_WASHL,2019.0,130.99173000000002,DC_TOF_WASHL
1823,ER_H2O_PRDU          RURAL               ,6.0,6.b,6.b.1,ER_H2O_PRDU,2012.0,10.0,ER_H2O_PRDURURAL
1824,ER_H2O_PRDU          RURAL               ,6.0,6.b,6.b.1,ER_H2O_PRDU,2014.0,10.0,ER_H2O_PRDURURAL
1825,ER_H2O_PRDU          RURAL               ,6.0,6.b,6.b.1,ER_H2O_PRDU,2019.0,10.0,ER_H2O_PRDURURAL
1828,EG_EGY_CLEAN                         ,7.0,7.1,7.1.2,EG_EGY_CLEAN,2012.0,53.0,EG_EGY_CLEAN
1829,EG_EGY_CLEAN                         ,7.0,7.1,7.1.2,EG_EGY_CLEAN,2013.0,58.0,EG_EGY_CLEAN
1830,EG_EGY_CLEAN                         ,7.0,7.1,7.1.2,EG_EGY_CLEAN,2014.0,63.0,EG_EGY_CLEAN
1831,EG_EGY_CLEAN                         ,7.0,7.1,7.1.2,EG_EGY_CLEAN,2015.0,68.0,EG_EGY_CLEAN
1832,EG_EGY_CLEAN                         ,7.0,7.1,7.1.2,EG_EGY_CLEAN,2016.0,72.0,EG_EGY_CLEAN
1833,EG_EGY_CLEAN                         ,7.0,7.1,7.1.2,EG_EGY_CLEAN,2017.0,76.0,EG_EGY_CLEAN
1834,EG_EGY_CLEAN                         ,7.0,7.1,7.1.2,EG_EGY_CLEAN,2018.0,79.0,EG_EGY_CLEAN
1835,EG_EGY_CLEAN                         ,7.0,7.1,7.1.2,EG_EGY_CLEAN,2019.0,82.0,EG_EGY_CLEAN
1838,EG_ACS_ELEC          ALLAREA               ,7.0,7.1,7.1.1,EG_ACS_ELEC,2012.0,96.0,EG_ACS_ELECALLAREA
1839,EG_ACS_ELEC          ALLAREA               ,7.0,7.1,7.1.1,EG_ACS_ELEC,2013.0,96.0,EG_ACS_ELECALLAREA
1844,EG_ACS_ELEC          ALLAREA               ,7.0,7.1,7.1.1,EG_ACS_ELEC,2014.0,97.0,EG_ACS_ELECALLAREA
1845,EG_ACS_ELEC          ALLAREA               ,7.0,7.1,7.1.1,EG_ACS_ELEC,2015.0,98.0,EG_ACS_ELECALLAREA
1848,EG_ACS_ELEC          ALLAREA               ,7.0,7.1,7.1.1,EG_ACS_ELEC,2016.0,98.0,EG_ACS_ELECALLAREA
1853,EG_ACS_ELEC          ALLAREA               ,7.0,7.1,7.1.1,EG_ACS_ELEC,2017.0,98.0,EG_ACS_ELECALLAREA
1856,EG_ACS_ELEC          ALLAREA               ,7.0,7.1,7.1.1,EG_ACS_ELEC,2018.0,99.0,EG_ACS_ELECALLAREA
1859,EG_ACS_ELEC          ALLAREA               ,7.0,7.1,7.1.1,EG_ACS_ELEC,2019.0,99.0,EG_ACS_ELECALLAREA
1860,EG_FEC_RNEW                         ,7.0,7.2,7.2.1,EG_FEC_RNEW,2012.0,28.7848,EG_FEC_RNEW
1861,EG_FEC_RNEW                         ,7.0,7.2,7.2.1,EG_FEC_RNEW,2013.0,29.7025,EG_FEC_RNEW
1862,EG_FEC_RNEW                         ,7.0,7.2,7.2.1,EG_FEC_RNEW,2014.0,28.3189,EG_FEC_RNEW
1863,EG_FEC_RNEW                         ,7.0,7.2,7.2.1,EG_FEC_RNEW,2015.0,26.9519,EG_FEC_RNEW
1864,EG_FEC_RNEW                         ,7.0,7.2,7.2.1,EG_FEC_RNEW,2016.0,27.8348,EG_FEC_RNEW
1865,EG_FEC_RNEW                         ,7.0,7.2,7.2.1,EG_FEC_RNEW,2017.0,25.4328,EG_FEC_RNEW
1866,EG_FEC_RNEW                         ,7.0,7.2,7.2.1,EG_FEC_RNEW,2018.0,20.8639,EG_FEC_RNEW
1867,EG_EGY_PRIM                         ,7.0,7.3,7.3.1,EG_EGY_PRIM,2012.0,3.79,EG_EGY_PRIM
1868,EG_EGY_PRIM                         ,7.0,7.3,7.3.1,EG_EGY_PRIM,2013.0,3.47,EG_EGY_PRIM
1869,EG_EGY_PRIM                         ,7.0,7.3,7.3.1,EG_EGY_PRIM,2014.0,3.44,EG_EGY_PRIM
1870,EG_EGY_PRIM                         ,7.0,7.3,7.3.1,EG_EGY_PRIM,2015.0,3.26,EG_EGY_PRIM
1871,EG_EGY_PRIM                         ,7.0,7.3,7.3.1,EG_EGY_PRIM,2016.0,3.18,EG_EGY_PRIM
1872,EG_EGY_PRIM                         ,7.0,7.3,7.3.1,EG_EGY_PRIM,2017.0,3.21,EG_EGY_PRIM
1873,EG_EGY_PRIM                         ,7.0,7.3,7.3.1,EG_EGY_PRIM,2018.0,3.18,EG_EGY_PRIM
1874,EG_IFF_RANDN                         ,7.0,7.a,7.a.1,EG_IFF_RANDN,2012.0,16.44,EG_IFF_RANDN
1875,EG_IFF_RANDN                         ,7.0,7.a,7.a.1,EG_IFF_RANDN,2013.0,247.23,EG_IFF_RANDN
1876,EG_IFF_RANDN                         ,7.0,7.a,7.a.1,EG_IFF_RANDN,2014.0,323.04,EG_IFF_RANDN
1877,EG_IFF_RANDN                         ,7.0,7.a,7.a.1,EG_IFF_RANDN,2015.0,387.78,EG_IFF_RANDN
1878,EG_IFF_RANDN                         ,7.0,7.a,7.a.1,EG_IFF_RANDN,2016.0,343.83,EG_IFF_RANDN
1879,EG_IFF_RANDN                         ,7.0,7.a,7.a.1,EG_IFF_RANDN,2017.0,430.16,EG_IFF_RANDN
1880,EG_IFF_RANDN                         ,7.0,7.a,7.a.1,EG_IFF_RANDN,2018.0,1076.35,EG_IFF_RANDN
1881,EG_EGY_RNEW                         ,7.0,7.b,7.b.1,EG_EGY_RNEW,2012.0,30.144,EG_EGY_RNEW
1882,EG_EGY_RNEW                         ,7.0,7.b,7.b.1,EG_EGY_RNEW,2013.0,32.806,EG_EGY_RNEW
1883,EG_EGY_RNEW                         ,7.0,7.b,7.b.1,EG_EGY_RNEW,2014.0,32.991,EG_EGY_RNEW
1884,EG_EGY_RNEW                         ,7.0,7.b,7.b.1,EG_EGY_RNEW,2015.0,32.947,EG_EGY_RNEW
1885,EG_EGY_RNEW                         ,7.0,7.b,7.b.1,EG_EGY_RNEW,2016.0,33.906,EG_EGY_RNEW
1886,EG_EGY_RNEW                         ,7.0,7.b,7.b.1,EG_EGY_RNEW,2017.0,34.594,EG_EGY_RNEW
1887,EG_EGY_RNEW                         ,7.0,7.b,7.b.1,EG_EGY_RNEW,2018.0,35.435,EG_EGY_RNEW
1888,EG_EGY_RNEW                         ,7.0,7.b,7.b.1,EG_EGY_RNEW,2019.0,36.437,EG_EGY_RNEW
1889,NY_GDP_PCAP                         ,8.0,8.1,8.1.1,NY_GDP_PCAP,2012.0,4.61,NY_GDP_PCAP
1890,NY_GDP_PCAP                         ,8.0,8.1,8.1.1,NY_GDP_PCAP,2013.0,4.15,NY_GDP_PCAP
1891,NY_GDP_PCAP                         ,8.0,8.1,8.1.1,NY_GDP_PCAP,2014.0,3.64,NY_GDP_PCAP
1892,NY_GDP_PCAP                         ,8.0,8.1,8.1.1,NY_GDP_PCAP,2015.0,3.56,NY_GDP_PCAP
1893,NY_GDP_PCAP                         ,8.0,8.1,8.1.1,NY_GDP_PCAP,2016.0,3.76,NY_GDP_PCAP
1894,NY_GDP_PCAP                         ,8.0,8.1,8.1.1,NY_GDP_PCAP,2017.0,3.84,NY_GDP_PCAP
1895,NY_GDP_PCAP                         ,8.0,8.1,8.1.1,NY_GDP_PCAP,2018.0,3.98,NY_GDP_PCAP
1896,NY_GDP_PCAP                         ,8.0,8.1,8.1.1,NY_GDP_PCAP,2019.0,3.88,NY_GDP_PCAP
1897,FB_ATM_TOTL              A    15+       ,8.0,8.10,8.10.1,FB_ATM_TOTL,2012.0,35.7294574081984,FB_ATM_TOTLA15+
1898,FB_ATM_TOTL              A    15+       ,8.0,8.10,8.10.1,FB_ATM_TOTL,2013.0,42.0164396659936,FB_ATM_TOTLA15+
1899,FB_ATM_TOTL              A    15+       ,8.0,8.10,8.10.1,FB_ATM_TOTL,2014.0,49.205263208274296,FB_ATM_TOTLA15+
1900,FB_ATM_TOTL              A    15+       ,8.0,8.10,8.10.1,FB_ATM_TOTL,2015.0,52.9653752475954,FB_ATM_TOTLA15+
1901,FB_ATM_TOTL              A    15+       ,8.0,8.10,8.10.1,FB_ATM_TOTL,2016.0,54.3378226553523,FB_ATM_TOTLA15+
1902,FB_ATM_TOTL              A    15+       ,8.0,8.10,8.10.1,FB_ATM_TOTL,2017.0,55.14156569288279,FB_ATM_TOTLA15+
1903,FB_ATM_TOTL              A    15+       ,8.0,8.10,8.10.1,FB_ATM_TOTL,2018.0,54.3760931196482,FB_ATM_TOTLA15+
1904,FB_ATM_TOTL              A    15+       ,8.0,8.10,8.10.1,FB_ATM_TOTL,2019.0,53.4097547869812,FB_ATM_TOTLA15+
1907,FB_BNK_ACCSS BOTHSEX                 15+       ,8.0,8.10,8.10.2,FB_BNK_ACCSS,2014.0,36.06,FB_BNK_ACCSSBOTHSEX15+
1909,FB_BNK_ACCSS BOTHSEX                 15+       ,8.0,8.10,8.10.2,FB_BNK_ACCSS,2017.0,48.86,FB_BNK_ACCSSBOTHSEX15+
1919,SL_EMP_PCAP                         ,8.0,8.2,8.2.1,SL_EMP_PCAP,2012.0,2.8,SL_EMP_PCAP
1920,SL_EMP_PCAP                         ,8.0,8.2,8.2.1,SL_EMP_PCAP,2013.0,4.7,SL_EMP_PCAP
1921,SL_EMP_PCAP                         ,8.0,8.2,8.2.1,SL_EMP_PCAP,2014.0,3.3,SL_EMP_PCAP
1922,SL_EMP_PCAP                         ,8.0,8.2,8.2.1,SL_EMP_PCAP,2015.0,4.1,SL_EMP_PCAP
1923,SL_EMP_PCAP                         ,8.0,8.2,8.2.1,SL_EMP_PCAP,2016.0,3.7,SL_EMP_PCAP
1924,SL_EMP_PCAP                         ,8.0,8.2,8.2.1,SL_EMP_PCAP,2017.0,2.0,SL_EMP_PCAP
1925,SL_EMP_PCAP                         ,8.0,8.2,8.2.1,SL_EMP_PCAP,2018.0,3.1,SL_EMP_PCAP
1926,SL_EMP_PCAP                         ,8.0,8.2,8.2.1,SL_EMP_PCAP,2019.0,1.7,SL_EMP_PCAP
1931,SL_ISV_IFEM MALE                    NONAGR    ,8.0,8.3,8.3.1,SL_ISV_IFEM,2016.0,77.3,SL_ISV_IFEMMALENONAGR
1944,SL_ISV_IFEM MALE                    NONAGR    ,8.0,8.3,8.3.1,SL_ISV_IFEM,2017.0,77.4,SL_ISV_IFEMMALENONAGR
1945,SL_ISV_IFEM MALE                    NONAGR    ,8.0,8.3,8.3.1,SL_ISV_IFEM,2018.0,75.6,SL_ISV_IFEMMALENONAGR
1957,SL_ISV_IFEM MALE                    NONAGR    ,8.0,8.3,8.3.1,SL_ISV_IFEM,2019.0,73.8,SL_ISV_IFEMMALENONAGR
2182,EN_MAT_DOMCMPC             FEO            ,8.0,8.4,8.4.2,EN_MAT_DOMCMPC,2012.0,0.06237,EN_MAT_DOMCMPCFEO
2192,EN_MAT_DOMCMPC             FEO            ,8.0,8.4,8.4.2,EN_MAT_DOMCMPC,2013.0,0.05936,EN_MAT_DOMCMPCFEO
2216,EN_MAT_DOMCMPC             FEO            ,8.0,8.4,8.4.2,EN_MAT_DOMCMPC,2014.0,0.062,EN_MAT_DOMCMPCFEO
2218,EN_MAT_DOMCMPC             FEO            ,8.0,8.4,8.4.2,EN_MAT_DOMCMPC,2015.0,0.06365,EN_MAT_DOMCMPCFEO
2251,EN_MAT_DOMCMPC             FEO            ,8.0,8.4,8.4.2,EN_MAT_DOMCMPC,2016.0,0.0652799999999999,EN_MAT_DOMCMPCFEO
2253,EN_MAT_DOMCMPC             FEO            ,8.0,8.4,8.4.2,EN_MAT_DOMCMPC,2017.0,0.0669,EN_MAT_DOMCMPCFEO
2352,SL_EMP_EARN BOTHSEX              isco08          ,8.0,8.5,8.5.1,SL_EMP_EARN,2017.0,13645.9,SL_EMP_EARNBOTHSEXisco08
2372,SL_EMP_EARN BOTHSEX              isco08          ,8.0,8.5,8.5.1,SL_EMP_EARN,2019.0,14440.0,SL_EMP_EARNBOTHSEXisco08
2394,SL_TLF_UEMDIS BOTHSEX                  PWD      ,8.0,8.5,8.5.2,SL_TLF_UEMDIS,2016.0,4.3,SL_TLF_UEMDISBOTHSEXPWD
2397,SL_TLF_UEMDIS BOTHSEX                  PWD      ,8.0,8.5,8.5.2,SL_TLF_UEMDIS,2017.0,3.9,SL_TLF_UEMDISBOTHSEXPWD
2407,SL_TLF_UEMDIS BOTHSEX                  PWD      ,8.0,8.5,8.5.2,SL_TLF_UEMDIS,2018.0,4.4,SL_TLF_UEMDISBOTHSEXPWD
2412,SL_TLF_UEMDIS BOTHSEX                  PWD      ,8.0,8.5,8.5.2,SL_TLF_UEMDIS,2019.0,3.6,SL_TLF_UEMDISBOTHSEXPWD
2419,SL_TLF_NEET BOTHSEX                 15-24       ,8.0,8.6,8.6.1,SL_TLF_NEET,2012.0,23.0,SL_TLF_NEETBOTHSEX15-24
2422,SL_TLF_NEET BOTHSEX                 15-24       ,8.0,8.6,8.6.1,SL_TLF_NEET,2013.0,22.9,SL_TLF_NEETBOTHSEX15-24
2425,SL_TLF_NEET BOTHSEX                 15-24       ,8.0,8.6,8.6.1,SL_TLF_NEET,2014.0,22.4,SL_TLF_NEETBOTHSEX15-24
2430,SL_TLF_NEET BOTHSEX                 15-24       ,8.0,8.6,8.6.1,SL_TLF_NEET,2015.0,22.9,SL_TLF_NEETBOTHSEX15-24
2433,SL_TLF_NEET BOTHSEX                 15-24       ,8.0,8.6,8.6.1,SL_TLF_NEET,2016.0,22.5,SL_TLF_NEETBOTHSEX15-24
2436,SL_TLF_NEET BOTHSEX                 15-24       ,8.0,8.6,8.6.1,SL_TLF_NEET,2017.0,21.5,SL_TLF_NEETBOTHSEX15-24
2437,SL_TLF_NEET BOTHSEX                 15-24       ,8.0,8.6,8.6.1,SL_TLF_NEET,2018.0,21.7,SL_TLF_NEETBOTHSEX15-24
2442,SL_TLF_NEET BOTHSEX                 15-24       ,8.0,8.6,8.6.1,SL_TLF_NEET,2019.0,20.5,SL_TLF_NEETBOTHSEX15-24
2443,SL_LBR_NTLCPL                         ,8.0,8.8,8.8.2,SL_LBR_NTLCPL,2015.0,4.15,SL_LBR_NTLCPL
2444,SL_LBR_NTLCPL                         ,8.0,8.8,8.8.2,SL_LBR_NTLCPL,2016.0,2.67,SL_LBR_NTLCPL
2445,SL_LBR_NTLCPL                         ,8.0,8.8,8.8.2,SL_LBR_NTLCPL,2017.0,2.68,SL_LBR_NTLCPL
2446,SL_LBR_NTLCPL                         ,8.0,8.8,8.8.2,SL_LBR_NTLCPL,2018.0,2.68,SL_LBR_NTLCPL
2447,ST_GDP_ZS                         ,8.0,8.9,8.9.1,ST_GDP_ZS,2012.0,4.0,ST_GDP_ZS
2448,ST_GDP_ZS                         ,8.0,8.9,8.9.1,ST_GDP_ZS,2013.0,4.0,ST_GDP_ZS
2449,ST_GDP_ZS                         ,8.0,8.9,8.9.1,ST_GDP_ZS,2014.0,4.1,ST_GDP_ZS
2450,ST_GDP_ZS                         ,8.0,8.9,8.9.1,ST_GDP_ZS,2015.0,4.3,ST_GDP_ZS
2451,ST_GDP_ZS                         ,8.0,8.9,8.9.1,ST_GDP_ZS,2016.0,4.1,ST_GDP_ZS
2452,ST_GDP_ZS                         ,8.0,8.9,8.9.1,ST_GDP_ZS,2017.0,4.1,ST_GDP_ZS
2461,DC_TOF_TRDCML                         ,8.0,8.a,8.a.1,DC_TOF_TRDCML,2012.0,220.9,DC_TOF_TRDCML
2462,DC_TOF_TRDCML                         ,8.0,8.a,8.a.1,DC_TOF_TRDCML,2013.0,781.1,DC_TOF_TRDCML
2463,DC_TOF_TRDCML                         ,8.0,8.a,8.a.1,DC_TOF_TRDCML,2014.0,573.1,DC_TOF_TRDCML
2464,DC_TOF_TRDCML                         ,8.0,8.a,8.a.1,DC_TOF_TRDCML,2015.0,2414.1,DC_TOF_TRDCML
2465,DC_TOF_TRDCML                         ,8.0,8.a,8.a.1,DC_TOF_TRDCML,2016.0,334.8,DC_TOF_TRDCML
2466,DC_TOF_TRDCML                         ,8.0,8.a,8.a.1,DC_TOF_TRDCML,2017.0,3024.7,DC_TOF_TRDCML
2467,DC_TOF_TRDCML                         ,8.0,8.a,8.a.1,DC_TOF_TRDCML,2018.0,1759.50713,DC_TOF_TRDCML
2468,DC_TOF_TRDCML                         ,8.0,8.a,8.a.1,DC_TOF_TRDCML,2019.0,346.61256000000003,DC_TOF_TRDCML
2469,SL_CPA_YEMP                         ,8.0,8.b,8.b.1,SL_CPA_YEMP,2019.0,2.0,SL_CPA_YEMP
2470,SL_CPA_YEMP                         ,8.0,8.b,8.b.1,SL_CPA_YEMP,2020.0,2.0,SL_CPA_YEMP
2487,IS_RDP_PORFVOL     SEA                    ,9.0,9.1,9.1.2,IS_RDP_PORFVOL,2012.0,10713294.0,IS_RDP_PORFVOLSEA
2488,IS_RDP_PORFVOL     SEA                    ,9.0,9.1,9.1.2,IS_RDP_PORFVOL,2013.0,11718228.0,IS_RDP_PORFVOLSEA
2489,IS_RDP_PORFVOL     SEA                    ,9.0,9.1,9.1.2,IS_RDP_PORFVOL,2014.0,11636900.0,IS_RDP_PORFVOLSEA
2490,IS_RDP_PORFVOL     SEA                    ,9.0,9.1,9.1.2,IS_RDP_PORFVOL,2015.0,12031700.0,IS_RDP_PORFVOLSEA
2491,IS_RDP_PORFVOL     SEA                    ,9.0,9.1,9.1.2,IS_RDP_PORFVOL,2016.0,12431700.0,IS_RDP_PORFVOLSEA
2492,IS_RDP_PORFVOL     SEA                    ,9.0,9.1,9.1.2,IS_RDP_PORFVOL,2017.0,12829600.0,IS_RDP_PORFVOLSEA
2493,IS_RDP_PORFVOL     SEA                    ,9.0,9.1,9.1.2,IS_RDP_PORFVOL,2018.0,14060600.0,IS_RDP_PORFVOLSEA
2494,IS_RDP_PORFVOL     SEA                    ,9.0,9.1,9.1.2,IS_RDP_PORFVOL,2019.0,14763630.0,IS_RDP_PORFVOLSEA
2504,SL_TLF_MANF                     ISIC4_C    ,9.0,9.2,9.2.2,SL_TLF_MANF,2012.0,13.58,SL_TLF_MANFISIC4_C
2505,SL_TLF_MANF                     ISIC4_C    ,9.0,9.2,9.2.2,SL_TLF_MANF,2013.0,13.5,SL_TLF_MANFISIC4_C
2506,SL_TLF_MANF                     ISIC4_C    ,9.0,9.2,9.2.2,SL_TLF_MANF,2014.0,13.47,SL_TLF_MANFISIC4_C
2507,SL_TLF_MANF                     ISIC4_C    ,9.0,9.2,9.2.2,SL_TLF_MANF,2015.0,13.71,SL_TLF_MANFISIC4_C
2508,SL_TLF_MANF                     ISIC4_C    ,9.0,9.2,9.2.2,SL_TLF_MANF,2016.0,13.53,SL_TLF_MANFISIC4_C
2509,SL_TLF_MANF                     ISIC4_C    ,9.0,9.2,9.2.2,SL_TLF_MANF,2017.0,14.11,SL_TLF_MANFISIC4_C
2510,SL_TLF_MANF                     ISIC4_C    ,9.0,9.2,9.2.2,SL_TLF_MANF,2018.0,14.41,SL_TLF_MANFISIC4_C
2511,SL_TLF_MANF                     ISIC4_C    ,9.0,9.2,9.2.2,SL_TLF_MANF,2019.0,14.44,SL_TLF_MANFISIC4_C
2521,NV_IND_MANF_CD                     ISIC4_C    ,9.0,9.2,9.2.1,NV_IND_MANF_CD,2012.0,21.46,NV_IND_MANF_CDISIC4_C
2522,NV_IND_MANF_CD                     ISIC4_C    ,9.0,9.2,9.2.1,NV_IND_MANF_CD,2013.0,21.03,NV_IND_MANF_CDISIC4_C
2523,NV_IND_MANF_CD                     ISIC4_C    ,9.0,9.2,9.2.1,NV_IND_MANF_CD,2014.0,21.1,NV_IND_MANF_CDISIC4_C
2524,NV_IND_MANF_CD                     ISIC4_C    ,9.0,9.2,9.2.1,NV_IND_MANF_CD,2015.0,21.02,NV_IND_MANF_CDISIC4_C
2525,NV_IND_MANF_CD                     ISIC4_C    ,9.0,9.2,9.2.1,NV_IND_MANF_CD,2016.0,20.49,NV_IND_MANF_CDISIC4_C
2526,NV_IND_MANF_CD                     ISIC4_C    ,9.0,9.2,9.2.1,NV_IND_MANF_CD,2017.0,20.1,NV_IND_MANF_CDISIC4_C
2527,NV_IND_MANF_CD                     ISIC4_C    ,9.0,9.2,9.2.1,NV_IND_MANF_CD,2018.0,19.9,NV_IND_MANF_CDISIC4_C
2528,NV_IND_MANF_CD                     ISIC4_C    ,9.0,9.2,9.2.1,NV_IND_MANF_CD,2019.0,19.73,NV_IND_MANF_CDISIC4_C
2529,NV_IND_SSIS                     ISIC4_C    ,9.0,9.3,9.3.1,NV_IND_SSIS,2012.0,10.26,NV_IND_SSISISIC4_C
2530,NV_IND_SSIS                     ISIC4_C    ,9.0,9.3,9.3.1,NV_IND_SSIS,2013.0,11.43,NV_IND_SSISISIC4_C
2531,NV_IND_SSIS                     ISIC4_C    ,9.0,9.3,9.3.1,NV_IND_SSIS,2014.0,10.68,NV_IND_SSISISIC4_C
2532,FC_ACC_SSID                     ISIC4_C    ,9.0,9.3,9.3.2,FC_ACC_SSID,2015.0,34.31,FC_ACC_SSIDISIC4_C
2533,EN_ATM_CO2                     ISIC4_C10T32X19    ,9.0,9.4,9.4.1,EN_ATM_CO2,2012.0,113.012,EN_ATM_CO2ISIC4_C10T32X19
2536,EN_ATM_CO2                     ISIC4_C10T32X19    ,9.0,9.4,9.4.1,EN_ATM_CO2,2013.0,73.28399999999999,EN_ATM_CO2ISIC4_C10T32X19
2537,EN_ATM_CO2                     ISIC4_C10T32X19    ,9.0,9.4,9.4.1,EN_ATM_CO2,2014.0,83.75399999999999,EN_ATM_CO2ISIC4_C10T32X19
2540,EN_ATM_CO2                     ISIC4_C10T32X19    ,9.0,9.4,9.4.1,EN_ATM_CO2,2015.0,93.838,EN_ATM_CO2ISIC4_C10T32X19
2541,EN_ATM_CO2                     ISIC4_C10T32X19    ,9.0,9.4,9.4.1,EN_ATM_CO2,2016.0,80.658,EN_ATM_CO2ISIC4_C10T32X19
2544,EN_ATM_CO2                     ISIC4_C10T32X19    ,9.0,9.4,9.4.1,EN_ATM_CO2,2017.0,95.511,EN_ATM_CO2ISIC4_C10T32X19
2545,EN_ATM_CO2                     ISIC4_C10T32X19    ,9.0,9.4,9.4.1,EN_ATM_CO2,2018.0,111.427,EN_ATM_CO2ISIC4_C10T32X19
2561,GB_POP_SCIERD                         ,9.0,9.5,9.5.2,GB_POP_SCIERD,2016.0,178.87538999999998,GB_POP_SCIERD
2562,GB_POP_SCIERD                         ,9.0,9.5,9.5.2,GB_POP_SCIERD,2017.0,215.19041,GB_POP_SCIERD
2563,GB_POP_SCIERD                         ,9.0,9.5,9.5.2,GB_POP_SCIERD,2018.0,215.99355,GB_POP_SCIERD
2564,GB_XPD_RSDV                         ,9.0,9.5,9.5.1,GB_XPD_RSDV,2013.0,0.0847,GB_XPD_RSDV
2565,GB_XPD_RSDV                         ,9.0,9.5,9.5.1,GB_XPD_RSDV,2016.0,0.24535,GB_XPD_RSDV
2566,GB_XPD_RSDV                         ,9.0,9.5,9.5.1,GB_XPD_RSDV,2017.0,0.23805,GB_XPD_RSDV
2567,GB_XPD_RSDV                         ,9.0,9.5,9.5.1,GB_XPD_RSDV,2018.0,0.22633,GB_XPD_RSDV
2568,DC_TOF_INFRAL                         ,9.0,9.a,9.a.1,DC_TOF_INFRAL,2012.0,1669.00055,DC_TOF_INFRAL
2569,DC_TOF_INFRAL                         ,9.0,9.a,9.a.1,DC_TOF_INFRAL,2013.0,1349.2454699999998,DC_TOF_INFRAL
2570,DC_TOF_INFRAL                         ,9.0,9.a,9.a.1,DC_TOF_INFRAL,2014.0,1139.75323,DC_TOF_INFRAL
2571,DC_TOF_INFRAL                         ,9.0,9.a,9.a.1,DC_TOF_INFRAL,2015.0,5197.246679999999,DC_TOF_INFRAL
2572,DC_TOF_INFRAL                         ,9.0,9.a,9.a.1,DC_TOF_INFRAL,2016.0,1513.44346,DC_TOF_INFRAL
2573,DC_TOF_INFRAL                         ,9.0,9.a,9.a.1,DC_TOF_INFRAL,2017.0,2572.34675,DC_TOF_INFRAL
2574,DC_TOF_INFRAL                         ,9.0,9.a,9.a.1,DC_TOF_INFRAL,2018.0,2552.9441,DC_TOF_INFRAL
2575,DC_TOF_INFRAL                         ,9.0,9.a,9.a.1,DC_TOF_INFRAL,2019.0,1983.92244,DC_TOF_INFRAL
2576,NV_IND_TECH                     ISIC4_C    ,9.0,9.b,9.b.1,NV_IND_TECH,2012.0,37.46,NV_IND_TECHISIC4_C
2577,NV_IND_TECH                     ISIC4_C    ,9.0,9.b,9.b.1,NV_IND_TECH,2013.0,35.58,NV_IND_TECHISIC4_C
2578,NV_IND_TECH                     ISIC4_C    ,9.0,9.b,9.b.1,NV_IND_TECH,2014.0,34.31,NV_IND_TECHISIC4_C
2579,NV_IND_TECH                     ISIC4_C    ,9.0,9.b,9.b.1,NV_IND_TECH,2015.0,35.35,NV_IND_TECHISIC4_C
2580,NV_IND_TECH                     ISIC4_C    ,9.0,9.b,9.b.1,NV_IND_TECH,2016.0,35.35,NV_IND_TECHISIC4_C
2581,NV_IND_TECH                     ISIC4_C    ,9.0,9.b,9.b.1,NV_IND_TECH,2017.0,35.35,NV_IND_TECHISIC4_C
2582,NV_IND_TECH                     ISIC4_C    ,9.0,9.b,9.b.1,NV_IND_TECH,2018.0,35.35,NV_IND_TECHISIC4_C
2594,IT_MOB_4GNTWK                         ,9.0,9.c,9.c.1,IT_MOB_4GNTWK,2013.0,5.0,IT_MOB_4GNTWK
2595,IT_MOB_4GNTWK                         ,9.0,9.c,9.c.1,IT_MOB_4GNTWK,2014.0,10.0,IT_MOB_4GNTWK
2596,IT_MOB_4GNTWK                         ,9.0,9.c,9.c.1,IT_MOB_4GNTWK,2015.0,5.0,IT_MOB_4GNTWK
2597,IT_MOB_4GNTWK                         ,9.0,9.c,9.c.1,IT_MOB_4GNTWK,2016.0,22.6,IT_MOB_4GNTWK
2598,IT_MOB_4GNTWK                         ,9.0,9.c,9.c.1,IT_MOB_4GNTWK,2017.0,90.42,IT_MOB_4GNTWK
2599,IT_MOB_4GNTWK                         ,9.0,9.c,9.c.1,IT_MOB_4GNTWK,2018.0,97.59,IT_MOB_4GNTWK
2600,IT_MOB_4GNTWK                         ,9.0,9.c,9.c.1,IT_MOB_4GNTWK,2019.0,97.59,IT_MOB_4GNTWK
2602,SI_HEI_TOTL                       B40  ,10.0,10.1,10.1.1,SI_HEI_TOTL,2018.0,5.0,SI_HEI_TOTLB40
2603,SL_EMP_GTOTL                         ,10.0,10.4,10.4.1,SL_EMP_GTOTL,2012.0,39.5,SL_EMP_GTOTL
2604,SL_EMP_GTOTL                         ,10.0,10.4,10.4.1,SL_EMP_GTOTL,2013.0,39.3,SL_EMP_GTOTL
2605,SL_EMP_GTOTL                         ,10.0,10.4,10.4.1,SL_EMP_GTOTL,2014.0,39.3,SL_EMP_GTOTL
2606,SL_EMP_GTOTL                         ,10.0,10.4,10.4.1,SL_EMP_GTOTL,2015.0,38.6,SL_EMP_GTOTL
2607,SL_EMP_GTOTL                         ,10.0,10.4,10.4.1,SL_EMP_GTOTL,2016.0,38.6,SL_EMP_GTOTL
2608,SL_EMP_GTOTL                         ,10.0,10.4,10.4.1,SL_EMP_GTOTL,2017.0,38.1,SL_EMP_GTOTL
2609,SI_DST_FISP                         ,10.0,10.4,10.4.2,SI_DST_FISP,2017.0,41.2,SI_DST_FISP
2637,FI_FSI_FSKNL              A           ,10.0,10.5,10.5.1,FI_FSI_FSKNL,2012.0,4.67087925867755,FI_FSI_FSKNLA
2638,FI_FSI_FSKNL              A           ,10.0,10.5,10.5.1,FI_FSI_FSKNL,2013.0,4.609866770498769,FI_FSI_FSKNLA
2639,FI_FSI_FSKNL              A           ,10.0,10.5,10.5.1,FI_FSI_FSKNL,2014.0,5.47733038743709,FI_FSI_FSKNLA
2640,FI_FSI_FSKNL              A           ,10.0,10.5,10.5.1,FI_FSI_FSKNL,2015.0,5.893689074982751,FI_FSI_FSKNLA
2641,FI_FSI_FSKNL              A           ,10.0,10.5,10.5.1,FI_FSI_FSKNL,2016.0,5.65926671627151,FI_FSI_FSKNLA
2642,FI_FSI_FSKNL              A           ,10.0,10.5,10.5.1,FI_FSI_FSKNL,2017.0,4.977707667296049,FI_FSI_FSKNLA
2643,FI_FSI_FSKNL              A           ,10.0,10.5,10.5.1,FI_FSI_FSKNL,2018.0,4.3760141151311,FI_FSI_FSKNLA
2644,FI_FSI_FSKNL              A           ,10.0,10.5,10.5.1,FI_FSI_FSKNL,2019.0,4.97887476020919,FI_FSI_FSKNLA
2645,FI_FSI_FSKNL              A           ,10.0,10.5,10.5.1,FI_FSI_FSKNL,2020.0,3.93929876737127,FI_FSI_FSKNLA
2679,SG_INT_MBRDEV                         IBRD,10.0,10.6,10.6.1,SG_INT_MBRDEV,2015.0,0.53191,SG_INT_MBRDEVIBRD
2683,SG_INT_MBRDEV                         IBRD,10.0,10.6,10.6.1,SG_INT_MBRDEV,2016.0,0.53191,SG_INT_MBRDEVIBRD
2693,SG_INT_MBRDEV                         IBRD,10.0,10.6,10.6.1,SG_INT_MBRDEV,2017.0,0.5291,SG_INT_MBRDEVIBRD
2694,SG_INT_MBRDEV                         IBRD,10.0,10.6,10.6.1,SG_INT_MBRDEV,2018.0,0.5291,SG_INT_MBRDEVIBRD
2704,SG_INT_MBRDEV                         IBRD,10.0,10.6,10.6.1,SG_INT_MBRDEV,2019.0,0.5291,SG_INT_MBRDEVIBRD
2712,SG_INT_MBRDEV                         IBRD,10.0,10.6,10.6.1,SG_INT_MBRDEV,2020.0,0.5291,SG_INT_MBRDEVIBRD
2757,SM_POP_REFG_OR                         ,10.0,10.7,10.7.4,SM_POP_REFG_OR,2012.0,6.244,SM_POP_REFG_OR
2758,SM_POP_REFG_OR                         ,10.0,10.7,10.7.4,SM_POP_REFG_OR,2013.0,5.867000000000001,SM_POP_REFG_OR
2759,SM_POP_REFG_OR                         ,10.0,10.7,10.7.4,SM_POP_REFG_OR,2014.0,5.641,SM_POP_REFG_OR
2760,SM_POP_REFG_OR                         ,10.0,10.7,10.7.4,SM_POP_REFG_OR,2015.0,5.398,SM_POP_REFG_OR
2761,SM_POP_REFG_OR                         ,10.0,10.7,10.7.4,SM_POP_REFG_OR,2016.0,4.9910000000000005,SM_POP_REFG_OR
2762,SM_POP_REFG_OR                         ,10.0,10.7,10.7.4,SM_POP_REFG_OR,2017.0,4.717,SM_POP_REFG_OR
2763,SM_POP_REFG_OR                         ,10.0,10.7,10.7.4,SM_POP_REFG_OR,2018.0,4.538,SM_POP_REFG_OR
2764,SM_POP_REFG_OR                         ,10.0,10.7,10.7.4,SM_POP_REFG_OR,2019.0,4.448,SM_POP_REFG_OR
2765,SM_POP_REFG_OR                         ,10.0,10.7,10.7.4,SM_POP_REFG_OR,2020.0,4.766,SM_POP_REFG_OR
2766,SM_DTH_MIGR                         ,10.0,10.7,10.7.3,SM_DTH_MIGR,2014.0,0.0,SM_DTH_MIGR
2767,SM_DTH_MIGR                         ,10.0,10.7,10.7.3,SM_DTH_MIGR,2015.0,3.0,SM_DTH_MIGR
2768,SM_DTH_MIGR                         ,10.0,10.7,10.7.3,SM_DTH_MIGR,2016.0,60.0,SM_DTH_MIGR
2769,SM_DTH_MIGR                         ,10.0,10.7,10.7.3,SM_DTH_MIGR,2017.0,0.0,SM_DTH_MIGR
2770,SM_DTH_MIGR                         ,10.0,10.7,10.7.3,SM_DTH_MIGR,2018.0,0.0,SM_DTH_MIGR
2771,SM_DTH_MIGR                         ,10.0,10.7,10.7.3,SM_DTH_MIGR,2019.0,4.0,SM_DTH_MIGR
2772,SM_DTH_MIGR                         ,10.0,10.7,10.7.3,SM_DTH_MIGR,2020.0,26.0,SM_DTH_MIGR
2779,TM_TRF_ZERO             AGR            ,10.0,10.a,10.a.1,TM_TRF_ZERO,2015.0,48.93588,TM_TRF_ZEROAGR
2784,TM_TRF_ZERO             AGR            ,10.0,10.a,10.a.1,TM_TRF_ZERO,2016.0,47.25291,TM_TRF_ZEROAGR
2792,TM_TRF_ZERO             AGR            ,10.0,10.a,10.a.1,TM_TRF_ZERO,2017.0,49.91544,TM_TRF_ZEROAGR
2798,TM_TRF_ZERO             AGR            ,10.0,10.a,10.a.1,TM_TRF_ZERO,2018.0,50.72138,TM_TRF_ZEROAGR
2807,TM_TRF_ZERO             AGR            ,10.0,10.a,10.a.1,TM_TRF_ZERO,2019.0,51.52043,TM_TRF_ZEROAGR
2808,DC_TRF_TOTL                         ,10.0,10.b,10.b.1,DC_TRF_TOTL,2012.0,8116.0,DC_TRF_TOTL
2809,DC_TRF_TOTL                         ,10.0,10.b,10.b.1,DC_TRF_TOTL,2013.0,7481.0,DC_TRF_TOTL
2810,DC_TRF_TOTL                         ,10.0,10.b,10.b.1,DC_TRF_TOTL,2014.0,11245.0,DC_TRF_TOTL
2811,DC_TRF_TOTL                         ,10.0,10.b,10.b.1,DC_TRF_TOTL,2015.0,13425.0,DC_TRF_TOTL
2812,DC_TRF_TOTL                         ,10.0,10.b,10.b.1,DC_TRF_TOTL,2016.0,13953.0,DC_TRF_TOTL
2813,DC_TRF_TOTL                         ,10.0,10.b,10.b.1,DC_TRF_TOTL,2017.0,14468.0,DC_TRF_TOTL
2814,DC_TRF_TOTL                         ,10.0,10.b,10.b.1,DC_TRF_TOTL,2018.0,11186.0,DC_TRF_TOTL
2815,DC_TRF_TOTL                         ,10.0,10.b,10.b.1,DC_TRF_TOTL,2019.0,14966.0,DC_TRF_TOTL
2816,SI_RMT_COST                         ,10.0,10.c,10.c.1,SI_RMT_COST,2015.0,6.9,SI_RMT_COST
2817,SI_RMT_COST                         ,10.0,10.c,10.c.1,SI_RMT_COST,2017.0,7.13,SI_RMT_COST
2818,SI_RMT_COST                         ,10.0,10.c,10.c.1,SI_RMT_COST,2018.0,6.85,SI_RMT_COST
2819,SI_RMT_COST                         ,10.0,10.c,10.c.1,SI_RMT_COST,2019.0,6.08,SI_RMT_COST
2820,EN_LND_SLUM          URBAN               ,11.0,11.1,11.1.1,EN_LND_SLUM,2014.0,21.8,EN_LND_SLUMURBAN
2821,EN_LND_SLUM          URBAN               ,11.0,11.1,11.1.1,EN_LND_SLUM,2016.0,30.9,EN_LND_SLUMURBAN
2822,EN_LND_SLUM          URBAN               ,11.0,11.1,11.1.1,EN_LND_SLUM,2018.0,30.6,EN_LND_SLUMURBAN
2903,VC_DSR_PDLN                         ,11.0,11.5,11.5.1,VC_DSR_PDLN,2018.0,9472983.0,VC_DSR_PDLN
2904,VC_DSR_PDLN                         ,11.0,11.5,11.5.1,VC_DSR_PDLN,2019.0,29509.15,VC_DSR_PDLN
2913,VC_DSR_AGLH                         ,11.0,11.5,11.5.2,VC_DSR_AGLH,2012.0,900280012.28,VC_DSR_AGLH
2914,VC_DSR_AGLH                         ,11.0,11.5,11.5.2,VC_DSR_AGLH,2013.0,704391153.609,VC_DSR_AGLH
2915,VC_DSR_AGLH                         ,11.0,11.5,11.5.2,VC_DSR_AGLH,2014.0,980674664.035,VC_DSR_AGLH
2916,VC_DSR_AGLH                         ,11.0,11.5,11.5.2,VC_DSR_AGLH,2015.0,1350175672.3455,VC_DSR_AGLH
2917,VC_DSR_AGLH                         ,11.0,11.5,11.5.2,VC_DSR_AGLH,2016.0,736934403.07025,VC_DSR_AGLH
2918,VC_DSR_AGLH                         ,11.0,11.5,11.5.2,VC_DSR_AGLH,2017.0,491251258.85,VC_DSR_AGLH
2919,VC_DSR_AGLH                         ,11.0,11.5,11.5.2,VC_DSR_AGLH,2018.0,432797245.7875,VC_DSR_AGLH
2920,VC_DSR_AGLH                         ,11.0,11.5,11.5.2,VC_DSR_AGLH,2019.0,434089147.5305,VC_DSR_AGLH
2931,EN_ATM_PM25          ALLAREA               ,11.0,11.6,11.6.2,EN_ATM_PM25,2012.0,16.82987,EN_ATM_PM25ALLAREA
2936,EN_ATM_PM25          ALLAREA               ,11.0,11.6,11.6.2,EN_ATM_PM25,2013.0,16.60981,EN_ATM_PM25ALLAREA
2937,EN_ATM_PM25          ALLAREA               ,11.0,11.6,11.6.2,EN_ATM_PM25,2014.0,15.611679999999998,EN_ATM_PM25ALLAREA
2941,EN_ATM_PM25          ALLAREA               ,11.0,11.6,11.6.2,EN_ATM_PM25,2015.0,16.677120000000002,EN_ATM_PM25ALLAREA
2943,EN_ATM_PM25          ALLAREA               ,11.0,11.6,11.6.2,EN_ATM_PM25,2016.0,19.04557,EN_ATM_PM25ALLAREA
2946,EN_REF_WASCOL                         ,11.0,11.6,11.6.1,EN_REF_WASCOL,2012.0,95.0,EN_REF_WASCOL
2947,EN_REF_WASCOL                         ,11.0,11.6,11.6.1,EN_REF_WASCOL,2015.0,72.0,EN_REF_WASCOL
2948,SD_CPA_UPRDP                         ,11.0,11.a,11.a.1,SD_CPA_UPRDP,2020.0,1.0,SD_CPA_UPRDP
2949,SG_DSR_LGRGSR                         ,11.0,11.b,11.b.1,SG_DSR_LGRGSR,2012.0,0.0,SG_DSR_LGRGSR
2950,SG_DSR_LGRGSR                         ,11.0,11.b,11.b.1,SG_DSR_LGRGSR,2013.0,0.0,SG_DSR_LGRGSR
2951,SG_DSR_LGRGSR                         ,11.0,11.b,11.b.1,SG_DSR_LGRGSR,2014.0,0.0,SG_DSR_LGRGSR
2952,SG_DSR_LGRGSR                         ,11.0,11.b,11.b.1,SG_DSR_LGRGSR,2015.0,0.0,SG_DSR_LGRGSR
2953,SG_DSR_LGRGSR                         ,11.0,11.b,11.b.1,SG_DSR_LGRGSR,2016.0,0.0,SG_DSR_LGRGSR
2954,SG_DSR_LGRGSR                         ,11.0,11.b,11.b.1,SG_DSR_LGRGSR,2017.0,0.0,SG_DSR_LGRGSR
2955,SG_DSR_LGRGSR                         ,11.0,11.b,11.b.1,SG_DSR_LGRGSR,2018.0,0.0,SG_DSR_LGRGSR
2956,SG_DSR_LGRGSR                         ,11.0,11.b,11.b.1,SG_DSR_LGRGSR,2019.0,0.825,SG_DSR_LGRGSR
2963,SG_DSR_SILN                         ,11.0,11.b,11.b.2,SG_DSR_SILN,2012.0,33.0,SG_DSR_SILN
2964,SG_DSR_SILN                         ,11.0,11.b,11.b.2,SG_DSR_SILN,2013.0,28.0,SG_DSR_SILN
2965,SG_DSR_SILN                         ,11.0,11.b,11.b.2,SG_DSR_SILN,2016.0,15.0,SG_DSR_SILN
2966,SG_DSR_SILN                         ,11.0,11.b,11.b.2,SG_DSR_SILN,2017.0,45.0,SG_DSR_SILN
2967,SG_DSR_SILN                         ,11.0,11.b,11.b.2,SG_DSR_SILN,2018.0,26.0,SG_DSR_SILN
2968,SG_DSR_SILN                         ,11.0,11.b,11.b.2,SG_DSR_SILN,2019.0,9.0,SG_DSR_SILN
2977,SG_SCP_CNTRY                         ,12.0,12.1,12.1.1,SG_SCP_CNTRY,2020.0,1.0,SG_SCP_CNTRY
3194,EN_MAT_DOMCMPC             FEO            ,12.0,12.2,12.2.2,EN_MAT_DOMCMPC,2012.0,0.06237,EN_MAT_DOMCMPCFEO
3204,EN_MAT_DOMCMPC             FEO            ,12.0,12.2,12.2.2,EN_MAT_DOMCMPC,2013.0,0.05936,EN_MAT_DOMCMPCFEO
3228,EN_MAT_DOMCMPC             FEO            ,12.0,12.2,12.2.2,EN_MAT_DOMCMPC,2014.0,0.062,EN_MAT_DOMCMPCFEO
3247,EN_MAT_DOMCMPC             FEO            ,12.0,12.2,12.2.2,EN_MAT_DOMCMPC,2015.0,0.06365,EN_MAT_DOMCMPCFEO
3262,EN_MAT_DOMCMPC             FEO            ,12.0,12.2,12.2.2,EN_MAT_DOMCMPC,2016.0,0.0652799999999999,EN_MAT_DOMCMPCFEO
3281,EN_MAT_DOMCMPC             FEO            ,12.0,12.2,12.2.2,EN_MAT_DOMCMPC,2017.0,0.0669,EN_MAT_DOMCMPCFEO
3291,AG_FOOD_WST           HHS   A           ,12.0,12.3,12.3.1,AG_FOOD_WST,2019.0,20938251.72673,AG_FOOD_WSTHHSA
3296,SG_HAZ_CMRROTDAM                         ,12.0,12.4,12.4.1,SG_HAZ_CMRROTDAM,2015.0,43.14,SG_HAZ_CMRROTDAM
3297,SG_HAZ_CMRROTDAM                         ,12.0,12.4,12.4.1,SG_HAZ_CMRROTDAM,2020.0,37.93,SG_HAZ_CMRROTDAM
3303,EN_MWT_COLLV              A           ,12.0,12.4,12.4.2,EN_MWT_COLLV,2012.0,7650389.16016,EN_MWT_COLLVA
3304,EN_MWT_COLLV              A           ,12.0,12.4,12.4.2,EN_MWT_COLLV,2013.0,6002829.5898400005,EN_MWT_COLLVA
3305,EN_MWT_COLLV              A           ,12.0,12.4,12.4.2,EN_MWT_COLLV,2014.0,5842428.22266,EN_MWT_COLLVA
3306,EN_MWT_COLLV              A           ,12.0,12.4,12.4.2,EN_MWT_COLLV,2015.0,6026797.851559999,EN_MWT_COLLVA
3307,EN_MWT_COLLV              A           ,12.0,12.4,12.4.2,EN_MWT_COLLV,2016.0,9236850.58594,EN_MWT_COLLVA
3308,EN_MWT_COLLV              A           ,12.0,12.4,12.4.2,EN_MWT_COLLV,2017.0,9536610.35156,EN_MWT_COLLVA
3310,EN_SCP_FRMN                      ADVANCED   ,12.0,12.6,12.6.1,EN_SCP_FRMN,2020.0,18.0,EN_SCP_FRMNADVANCED
3312,SE_GCEDESD_CUR                         ,12.0,12.8,12.8.1,SE_GCEDESD_CUR,2020.0,,SE_GCEDESD_CUR
3315,EG_EGY_RNEW                         ,12.0,12.a,12.a.1,EG_EGY_RNEW,2012.0,30.144,EG_EGY_RNEW
3316,EG_EGY_RNEW                         ,12.0,12.a,12.a.1,EG_EGY_RNEW,2013.0,32.806,EG_EGY_RNEW
3317,EG_EGY_RNEW                         ,12.0,12.a,12.a.1,EG_EGY_RNEW,2014.0,32.991,EG_EGY_RNEW
3318,EG_EGY_RNEW                         ,12.0,12.a,12.a.1,EG_EGY_RNEW,2015.0,32.947,EG_EGY_RNEW
3319,EG_EGY_RNEW                         ,12.0,12.a,12.a.1,EG_EGY_RNEW,2016.0,33.906,EG_EGY_RNEW
3320,EG_EGY_RNEW                         ,12.0,12.a,12.a.1,EG_EGY_RNEW,2017.0,34.594,EG_EGY_RNEW
3321,EG_EGY_RNEW                         ,12.0,12.a,12.a.1,EG_EGY_RNEW,2018.0,35.435,EG_EGY_RNEW
3322,EG_EGY_RNEW                         ,12.0,12.a,12.a.1,EG_EGY_RNEW,2019.0,36.437,EG_EGY_RNEW
3323,ST_EEV_STDACCT                         ,12.0,12.b,12.b.1,ST_EEV_STDACCT,2012.0,5.0,ST_EEV_STDACCT
3324,ST_EEV_STDACCT                         ,12.0,12.b,12.b.1,ST_EEV_STDACCT,2013.0,5.0,ST_EEV_STDACCT
3325,ST_EEV_STDACCT                         ,12.0,12.b,12.b.1,ST_EEV_STDACCT,2014.0,5.0,ST_EEV_STDACCT
3326,ST_EEV_STDACCT                         ,12.0,12.b,12.b.1,ST_EEV_STDACCT,2015.0,5.0,ST_EEV_STDACCT
3327,ST_EEV_STDACCT                         ,12.0,12.b,12.b.1,ST_EEV_STDACCT,2016.0,8.0,ST_EEV_STDACCT
3328,ST_EEV_STDACCT                         ,12.0,12.b,12.b.1,ST_EEV_STDACCT,2017.0,8.0,ST_EEV_STDACCT
3329,ST_EEV_STDACCT                         ,12.0,12.b,12.b.1,ST_EEV_STDACCT,2018.0,8.0,ST_EEV_STDACCT
3330,ST_EEV_STDACCT                         ,12.0,12.b,12.b.1,ST_EEV_STDACCT,2019.0,6.0,ST_EEV_STDACCT
3352,ER_FFS_CMPT_PC                         ,12.0,12.c,12.c.1,ER_FFS_CMPT_PC,2015.0,62.64437,ER_FFS_CMPT_PC
3353,ER_FFS_CMPT_PC                         ,12.0,12.c,12.c.1,ER_FFS_CMPT_PC,2016.0,61.60564,ER_FFS_CMPT_PC
3354,ER_FFS_CMPT_PC                         ,12.0,12.c,12.c.1,ER_FFS_CMPT_PC,2017.0,63.05287,ER_FFS_CMPT_PC
3355,ER_FFS_CMPT_PC                         ,12.0,12.c,12.c.1,ER_FFS_CMPT_PC,2018.0,126.56204,ER_FFS_CMPT_PC
3356,ER_FFS_CMPT_PC                         ,12.0,12.c,12.c.1,ER_FFS_CMPT_PC,2019.0,71.01201999999999,ER_FFS_CMPT_PC
3434,VC_DSR_PDLN                         ,13.0,13.1,13.1.1,VC_DSR_PDLN,2018.0,9472983.0,VC_DSR_PDLN
3435,VC_DSR_PDLN                         ,13.0,13.1,13.1.1,VC_DSR_PDLN,2019.0,29509.15,VC_DSR_PDLN
3436,SG_DSR_LGRGSR                         ,13.0,13.1,13.1.2,SG_DSR_LGRGSR,2012.0,0.0,SG_DSR_LGRGSR
3437,SG_DSR_LGRGSR                         ,13.0,13.1,13.1.2,SG_DSR_LGRGSR,2013.0,0.0,SG_DSR_LGRGSR
3438,SG_DSR_LGRGSR                         ,13.0,13.1,13.1.2,SG_DSR_LGRGSR,2014.0,0.0,SG_DSR_LGRGSR
3439,SG_DSR_LGRGSR                         ,13.0,13.1,13.1.2,SG_DSR_LGRGSR,2015.0,0.0,SG_DSR_LGRGSR
3440,SG_DSR_LGRGSR                         ,13.0,13.1,13.1.2,SG_DSR_LGRGSR,2016.0,0.0,SG_DSR_LGRGSR
3441,SG_DSR_LGRGSR                         ,13.0,13.1,13.1.2,SG_DSR_LGRGSR,2017.0,0.0,SG_DSR_LGRGSR
3442,SG_DSR_LGRGSR                         ,13.0,13.1,13.1.2,SG_DSR_LGRGSR,2018.0,0.0,SG_DSR_LGRGSR
3443,SG_DSR_LGRGSR                         ,13.0,13.1,13.1.2,SG_DSR_LGRGSR,2019.0,0.825,SG_DSR_LGRGSR
3450,SG_DSR_SILN                         ,13.0,13.1,13.1.3,SG_DSR_SILN,2012.0,33.0,SG_DSR_SILN
3451,SG_DSR_SILN                         ,13.0,13.1,13.1.3,SG_DSR_SILN,2013.0,28.0,SG_DSR_SILN
3452,SG_DSR_SILN                         ,13.0,13.1,13.1.3,SG_DSR_SILN,2016.0,15.0,SG_DSR_SILN
3453,SG_DSR_SILN                         ,13.0,13.1,13.1.3,SG_DSR_SILN,2017.0,45.0,SG_DSR_SILN
3454,SG_DSR_SILN                         ,13.0,13.1,13.1.3,SG_DSR_SILN,2018.0,26.0,SG_DSR_SILN
3455,SG_DSR_SILN                         ,13.0,13.1,13.1.3,SG_DSR_SILN,2019.0,9.0,SG_DSR_SILN
3465,SE_GCEDESD_CUR                         ,13.0,13.3,13.3.1,SE_GCEDESD_CUR,2020.0,,SE_GCEDESD_CUR
3477,EN_MAR_CHLANM                    High     ,14.0,14.1,14.1.1,EN_MAR_CHLANM,2018.0,1.36289,EN_MAR_CHLANMHigh
3478,EN_MAR_CHLANM                    High     ,14.0,14.1,14.1.1,EN_MAR_CHLANM,2019.0,1.97466,EN_MAR_CHLANMHigh
3481,EN_MAR_CHLANM                    High     ,14.0,14.1,14.1.1,EN_MAR_CHLANM,2020.0,1.20416,EN_MAR_CHLANMHigh
3485,ER_H2O_FWTL                         ,14.0,14.4,14.4.1,ER_H2O_FWTL,2018.0,64.0,ER_H2O_FWTL
3487,ER_MRN_MARIN              A           ,14.0,14.5,14.5.1,ER_MRN_MARIN,2020.0,3.06,ER_MRN_MARINA
3497,ER_REG_UNFCIM              A           ,14.0,14.6,14.6.1,ER_REG_UNFCIM,2018.0,4.0,ER_REG_UNFCIMA
3499,EN_SCP_FSHGDP                         ,14.0,14.7,14.7.1,EN_SCP_FSHGDP,2012.0,,EN_SCP_FSHGDP
3500,EN_SCP_FSHGDP                         ,14.0,14.7,14.7.1,EN_SCP_FSHGDP,2013.0,0.5172899999999999,EN_SCP_FSHGDP
3501,EN_SCP_FSHGDP                         ,14.0,14.7,14.7.1,EN_SCP_FSHGDP,2014.0,,EN_SCP_FSHGDP
3502,EN_SCP_FSHGDP                         ,14.0,14.7,14.7.1,EN_SCP_FSHGDP,2015.0,0.56313,EN_SCP_FSHGDP
3503,EN_SCP_FSHGDP                         ,14.0,14.7,14.7.1,EN_SCP_FSHGDP,2016.0,,EN_SCP_FSHGDP
3504,EN_SCP_FSHGDP                         ,14.0,14.7,14.7.1,EN_SCP_FSHGDP,2017.0,0.5313899999999999,EN_SCP_FSHGDP
3505,EN_SCP_FSHGDP                         ,14.0,14.7,14.7.1,EN_SCP_FSHGDP,2018.0,0.51008,EN_SCP_FSHGDP
3506,ER_REG_SSFRAR              A           ,14.0,14.b,14.b.1,ER_REG_SSFRAR,2018.0,5.0,ER_REG_SSFRARA
3520,AG_LND_FRST                         ,15.0,15.1,15.1.1,AG_LND_FRST,2015.0,50.61355,AG_LND_FRST
3521,AG_LND_FRST                         ,15.0,15.1,15.1.1,AG_LND_FRST,2016.0,50.74345,AG_LND_FRST
3522,AG_LND_FRST                         ,15.0,15.1,15.1.1,AG_LND_FRST,2017.0,50.03933,AG_LND_FRST
3523,AG_LND_FRST                         ,15.0,15.1,15.1.1,AG_LND_FRST,2018.0,49.71682,AG_LND_FRST
3524,AG_LND_FRST                         ,15.0,15.1,15.1.1,AG_LND_FRST,2019.0,49.3943,AG_LND_FRST
3525,AG_LND_FRST                         ,15.0,15.1,15.1.1,AG_LND_FRST,2020.0,49.07178,AG_LND_FRST
3526,ER_PTD_FRHWTR                         ,15.0,15.1,15.1.2,ER_PTD_FRHWTR,2012.0,36.57602,ER_PTD_FRHWTR
3527,ER_PTD_FRHWTR                         ,15.0,15.1,15.1.2,ER_PTD_FRHWTR,2013.0,39.00362,ER_PTD_FRHWTR
3528,ER_PTD_FRHWTR                         ,15.0,15.1,15.1.2,ER_PTD_FRHWTR,2014.0,39.00362,ER_PTD_FRHWTR
3529,ER_PTD_FRHWTR                         ,15.0,15.1,15.1.2,ER_PTD_FRHWTR,2015.0,39.00362,ER_PTD_FRHWTR
3530,ER_PTD_FRHWTR                         ,15.0,15.1,15.1.2,ER_PTD_FRHWTR,2016.0,39.00362,ER_PTD_FRHWTR
3531,ER_PTD_FRHWTR                         ,15.0,15.1,15.1.2,ER_PTD_FRHWTR,2017.0,39.00362,ER_PTD_FRHWTR
3532,ER_PTD_FRHWTR                         ,15.0,15.1,15.1.2,ER_PTD_FRHWTR,2018.0,39.00362,ER_PTD_FRHWTR
3533,ER_PTD_FRHWTR                         ,15.0,15.1,15.1.2,ER_PTD_FRHWTR,2019.0,39.00362,ER_PTD_FRHWTR
3534,ER_PTD_FRHWTR                         ,15.0,15.1,15.1.2,ER_PTD_FRHWTR,2020.0,39.00362,ER_PTD_FRHWTR
3556,AG_LND_FRSTCHG                         ,15.0,15.2,15.2.1,AG_LND_FRSTCHG,2020.0,-0.78,AG_LND_FRSTCHG
3569,AG_LND_DGRD                         ,15.0,15.3,15.3.1,AG_LND_DGRD,2015.0,21.0,AG_LND_DGRD
3574,ER_MTN_GRNCVI   3           A           ,15.0,15.4,15.4.2,ER_MTN_GRNCVI,2015.0,99.65789,ER_MTN_GRNCVI3A
3578,ER_MTN_GRNCVI   3           A           ,15.0,15.4,15.4.2,ER_MTN_GRNCVI,2018.0,99.6424,ER_MTN_GRNCVI3A
3584,ER_PTD_MTN                         ,15.0,15.4,15.4.1,ER_PTD_MTN,2012.0,22.5523,ER_PTD_MTN
3585,ER_PTD_MTN                         ,15.0,15.4,15.4.1,ER_PTD_MTN,2013.0,23.36226,ER_PTD_MTN
3586,ER_PTD_MTN                         ,15.0,15.4,15.4.1,ER_PTD_MTN,2014.0,23.87595,ER_PTD_MTN
3587,ER_PTD_MTN                         ,15.0,15.4,15.4.1,ER_PTD_MTN,2015.0,24.76631,ER_PTD_MTN
3588,ER_PTD_MTN                         ,15.0,15.4,15.4.1,ER_PTD_MTN,2016.0,25.75424,ER_PTD_MTN
3589,ER_PTD_MTN                         ,15.0,15.4,15.4.1,ER_PTD_MTN,2017.0,26.62752,ER_PTD_MTN
3590,ER_PTD_MTN                         ,15.0,15.4,15.4.1,ER_PTD_MTN,2018.0,27.455440000000003,ER_PTD_MTN
3591,ER_PTD_MTN                         ,15.0,15.4,15.4.1,ER_PTD_MTN,2019.0,27.455440000000003,ER_PTD_MTN
3592,ER_PTD_MTN                         ,15.0,15.4,15.4.1,ER_PTD_MTN,2020.0,27.455440000000003,ER_PTD_MTN
3593,ER_RSK_LST                         ,15.0,15.5,15.5.1,ER_RSK_LST,2012.0,0.79323,ER_RSK_LST
3594,ER_RSK_LST                         ,15.0,15.5,15.5.1,ER_RSK_LST,2013.0,0.78855,ER_RSK_LST
3595,ER_RSK_LST                         ,15.0,15.5,15.5.1,ER_RSK_LST,2014.0,0.78485,ER_RSK_LST
3596,ER_RSK_LST                         ,15.0,15.5,15.5.1,ER_RSK_LST,2015.0,0.78061,ER_RSK_LST
3597,ER_RSK_LST                         ,15.0,15.5,15.5.1,ER_RSK_LST,2016.0,0.77608,ER_RSK_LST
3598,ER_RSK_LST                         ,15.0,15.5,15.5.1,ER_RSK_LST,2017.0,0.77231,ER_RSK_LST
3599,ER_RSK_LST                         ,15.0,15.5,15.5.1,ER_RSK_LST,2018.0,0.7688699999999999,ER_RSK_LST
3600,ER_RSK_LST                         ,15.0,15.5,15.5.1,ER_RSK_LST,2019.0,0.76517,ER_RSK_LST
3601,ER_RSK_LST                         ,15.0,15.5,15.5.1,ER_RSK_LST,2020.0,0.75993,ER_RSK_LST
3602,ER_RSK_LST                         ,15.0,15.5,15.5.1,ER_RSK_LST,2021.0,0.75634,ER_RSK_LST
3615,ER_CBD_ORSPGRFA                         ,15.0,15.6,15.6.1,ER_CBD_ORSPGRFA,2016.0,0.0,ER_CBD_ORSPGRFA
3616,ER_CBD_ORSPGRFA                         ,15.0,15.6,15.6.1,ER_CBD_ORSPGRFA,2017.0,0.0,ER_CBD_ORSPGRFA
3617,ER_CBD_ORSPGRFA                         ,15.0,15.6,15.6.1,ER_CBD_ORSPGRFA,2018.0,0.0,ER_CBD_ORSPGRFA
3618,ER_CBD_ORSPGRFA                         ,15.0,15.6,15.6.1,ER_CBD_ORSPGRFA,2019.0,1.0,ER_CBD_ORSPGRFA
3619,ER_CBD_ORSPGRFA                         ,15.0,15.6,15.6.1,ER_CBD_ORSPGRFA,2020.0,1.0,ER_CBD_ORSPGRFA
3620,ER_CBD_ORSPGRFA                         ,15.0,15.6,15.6.1,ER_CBD_ORSPGRFA,2021.0,1.0,ER_CBD_ORSPGRFA
3636,ER_IAS_GLOFUN                         ,15.0,15.8,15.8.1,ER_IAS_GLOFUN,2020.0,0.0,ER_IAS_GLOFUN
3637,ER_BDY_ABT2NP                 ABT2ACHIEVE        ,15.0,15.9,15.9.1,ER_BDY_ABT2NP,2020.0,1.0,ER_BDY_ABT2NPABT2ACHIEVE
3639,DC_ODA_BDVL                         ,15.0,15.a,15.a.1,DC_ODA_BDVL,2012.0,149.87223,DC_ODA_BDVL
3640,DC_ODA_BDVL                         ,15.0,15.a,15.a.1,DC_ODA_BDVL,2013.0,176.74282,DC_ODA_BDVL
3641,DC_ODA_BDVL                         ,15.0,15.a,15.a.1,DC_ODA_BDVL,2014.0,221.83272,DC_ODA_BDVL
3642,DC_ODA_BDVL                         ,15.0,15.a,15.a.1,DC_ODA_BDVL,2015.0,127.06787,DC_ODA_BDVL
3643,DC_ODA_BDVL                         ,15.0,15.a,15.a.1,DC_ODA_BDVL,2016.0,205.72041,DC_ODA_BDVL
3644,DC_ODA_BDVL                         ,15.0,15.a,15.a.1,DC_ODA_BDVL,2017.0,228.90446,DC_ODA_BDVL
3645,DC_ODA_BDVL                         ,15.0,15.a,15.a.1,DC_ODA_BDVL,2018.0,168.37441,DC_ODA_BDVL
3646,DC_ODA_BDVL                         ,15.0,15.b,15.b.1,DC_ODA_BDVL,2012.0,149.87223,DC_ODA_BDVL
3647,DC_ODA_BDVL                         ,15.0,15.b,15.b.1,DC_ODA_BDVL,2013.0,176.74282,DC_ODA_BDVL
3648,DC_ODA_BDVL                         ,15.0,15.b,15.b.1,DC_ODA_BDVL,2014.0,221.83272,DC_ODA_BDVL
3649,DC_ODA_BDVL                         ,15.0,15.b,15.b.1,DC_ODA_BDVL,2015.0,127.06787,DC_ODA_BDVL
3650,DC_ODA_BDVL                         ,15.0,15.b,15.b.1,DC_ODA_BDVL,2016.0,205.72041,DC_ODA_BDVL
3651,DC_ODA_BDVL                         ,15.0,15.b,15.b.1,DC_ODA_BDVL,2017.0,228.90446,DC_ODA_BDVL
3652,DC_ODA_BDVL                         ,15.0,15.b,15.b.1,DC_ODA_BDVL,2018.0,168.37441,DC_ODA_BDVL
3653,VC_SNS_WALN BOTHSEX                        ,16.0,16.1,16.1.4,VC_SNS_WALN,2017.0,0.53,VC_SNS_WALNBOTHSEX
3654,SG_INF_ACCSS                         ,16.0,16.10,16.10.2,SG_INF_ACCSS,2021.0,2008.0,SG_INF_ACCSS
3655,VC_HTF_DETV BOTHSEX                 ALLAGE       ,16.0,16.2,16.2.2,VC_HTF_DETV,2012.0,292.0,VC_HTF_DETVBOTHSEXALLAGE
3656,VC_HTF_DETV BOTHSEX                 ALLAGE       ,16.0,16.2,16.2.2,VC_HTF_DETV,2013.0,158.0,VC_HTF_DETVBOTHSEXALLAGE
3657,VC_HTF_DETV BOTHSEX                 ALLAGE       ,16.0,16.2,16.2.2,VC_HTF_DETV,2014.0,605.0,VC_HTF_DETVBOTHSEXALLAGE
3658,VC_HTF_DETV BOTHSEX                 ALLAGE       ,16.0,16.2,16.2.2,VC_HTF_DETV,2015.0,441.0,VC_HTF_DETVBOTHSEXALLAGE
3659,VC_PRS_UNSNT                         ,16.0,16.3,16.3.2,VC_PRS_UNSNT,2015.0,35.0,VC_PRS_UNSNT
3660,VC_PRS_UNSNT                         ,16.0,16.3,16.3.2,VC_PRS_UNSNT,2018.0,30.7,VC_PRS_UNSNT
3661,IC_FRM_BRIB                         ,16.0,16.5,16.5.2,IC_FRM_BRIB,2015.0,30.62,IC_FRM_BRIB
3662,GF_XPD_GBPC                         ,16.0,16.6,16.6.1,GF_XPD_GBPC,2012.0,103.9015,GF_XPD_GBPC
3663,GF_XPD_GBPC                         ,16.0,16.6,16.6.1,GF_XPD_GBPC,2013.0,98.0721,GF_XPD_GBPC
3664,GF_XPD_GBPC                         ,16.0,16.6,16.6.1,GF_XPD_GBPC,2014.0,96.4552,GF_XPD_GBPC
3665,GF_XPD_GBPC                         ,16.0,16.6,16.6.1,GF_XPD_GBPC,2015.0,88.5771,GF_XPD_GBPC
3666,GF_XPD_GBPC                         ,16.0,16.6,16.6.1,GF_XPD_GBPC,2016.0,88.9529,GF_XPD_GBPC
3667,GF_XPD_GBPC                         ,16.0,16.6,16.6.1,GF_XPD_GBPC,2017.0,96.4864,GF_XPD_GBPC
3668,GF_XPD_GBPC                         ,16.0,16.6,16.6.1,GF_XPD_GBPC,2018.0,99.6605,GF_XPD_GBPC
3669,GF_XPD_GBPC                         ,16.0,16.6,16.6.1,GF_XPD_GBPC,2019.0,93.8685,GF_XPD_GBPC
3673,SG_DMK_PARLCC_LC FEMALE   FAFF_DEF              <=45Y       ,16.0,16.7,16.7.1,SG_DMK_PARLCC_LC,2021.0,1.0,SG_DMK_PARLCC_LCFEMALEFAFF_DEF<=45Y
3685,SG_INT_MBRDEV                         IBRD,16.0,16.8,16.8.1,SG_INT_MBRDEV,2015.0,0.53191,SG_INT_MBRDEVIBRD
3688,SG_INT_MBRDEV                         IBRD,16.0,16.8,16.8.1,SG_INT_MBRDEV,2016.0,0.53191,SG_INT_MBRDEVIBRD
3699,SG_INT_MBRDEV                         IBRD,16.0,16.8,16.8.1,SG_INT_MBRDEV,2017.0,0.5291,SG_INT_MBRDEVIBRD
3700,SG_INT_MBRDEV                         IBRD,16.0,16.8,16.8.1,SG_INT_MBRDEV,2018.0,0.5291,SG_INT_MBRDEVIBRD
3710,SG_INT_MBRDEV                         IBRD,16.0,16.8,16.8.1,SG_INT_MBRDEV,2019.0,0.5291,SG_INT_MBRDEVIBRD
3718,SG_INT_MBRDEV                         IBRD,16.0,16.8,16.8.1,SG_INT_MBRDEV,2020.0,0.5291,SG_INT_MBRDEVIBRD
3763,SG_REG_BRTH                  <5Y       ,16.0,16.9,16.9.1,SG_REG_BRTH,2019.0,74.4,SG_REG_BRTH<5Y
3764,SG_NHR_IMPLN                         ,16.0,16.a,16.a.1,SG_NHR_IMPLN,2015.0,1.0,SG_NHR_IMPLN
3765,SG_NHR_IMPLN                         ,16.0,16.a,16.a.1,SG_NHR_IMPLN,2016.0,1.0,SG_NHR_IMPLN
3766,SG_NHR_IMPLN                         ,16.0,16.a,16.a.1,SG_NHR_IMPLN,2017.0,1.0,SG_NHR_IMPLN
3767,SG_NHR_IMPLN                         ,16.0,16.a,16.a.1,SG_NHR_IMPLN,2018.0,1.0,SG_NHR_IMPLN
3768,SG_NHR_IMPLN                         ,16.0,16.a,16.a.1,SG_NHR_IMPLN,2019.0,1.0,SG_NHR_IMPLN
3769,SG_NHR_IMPLN                         ,16.0,16.a,16.a.1,SG_NHR_IMPLN,2020.0,1.0,SG_NHR_IMPLN
3770,GR_G14_GDP              A           ,17.0,17.1,17.1.1,GR_G14_GDP,2012.0,17.0833389190634,GR_G14_GDPA
3771,GR_G14_GDP              A           ,17.0,17.1,17.1.1,GR_G14_GDP,2013.0,16.8520575973478,GR_G14_GDPA
3772,GR_G14_GDP              A           ,17.0,17.1,17.1.1,GR_G14_GDP,2014.0,16.7663930350318,GR_G14_GDPA
3773,GR_G14_GDP              A           ,17.0,17.1,17.1.1,GR_G14_GDP,2015.0,15.1136995349544,GR_G14_GDPA
3774,GR_G14_GDP              A           ,17.0,17.1,17.1.1,GR_G14_GDP,2016.0,14.4527857965904,GR_G14_GDPA
3775,GR_G14_GDP              A           ,17.0,17.1,17.1.1,GR_G14_GDP,2017.0,14.315428822721,GR_G14_GDPA
3776,GR_G14_GDP              A           ,17.0,17.1,17.1.1,GR_G14_GDP,2018.0,14.774454549479598,GR_G14_GDPA
3777,GR_G14_GDP              A           ,17.0,17.1,17.1.1,GR_G14_GDP,2019.0,14.268394152099098,GR_G14_GDPA
3778,GC_GOB_TAXD              A           ,17.0,17.1,17.1.2,GC_GOB_TAXD,2012.0,67.7644046611021,GC_GOB_TAXDA
3779,GC_GOB_TAXD              A           ,17.0,17.1,17.1.2,GC_GOB_TAXD,2013.0,66.9848263871146,GC_GOB_TAXDA
3780,GC_GOB_TAXD              A           ,17.0,17.1,17.1.2,GC_GOB_TAXD,2014.0,65.63605506710749,GC_GOB_TAXDA
3781,GC_GOB_TAXD              A           ,17.0,17.1,17.1.2,GC_GOB_TAXD,2015.0,67.5479237499357,GC_GOB_TAXDA
3782,GC_GOB_TAXD              A           ,17.0,17.1,17.1.2,GC_GOB_TAXD,2016.0,68.5076444595216,GC_GOB_TAXDA
3783,GC_GOB_TAXD              A           ,17.0,17.1,17.1.2,GC_GOB_TAXD,2017.0,67.5951459587063,GC_GOB_TAXDA
3784,GC_GOB_TAXD              A           ,17.0,17.1,17.1.2,GC_GOB_TAXD,2018.0,70.48501106453399,GC_GOB_TAXDA
3785,GC_GOB_TAXD              A           ,17.0,17.1,17.1.2,GC_GOB_TAXD,2019.0,67.5389141217596,GC_GOB_TAXDA
3796,TM_TAX_WMFN             ARM            ,17.0,17.10,17.10.1,TM_TAX_WMFN,2015.0,4.02307,TM_TAX_WMFNARM
3801,TM_TAX_WMFN             ARM            ,17.0,17.10,17.10.1,TM_TAX_WMFN,2016.0,4.14206,TM_TAX_WMFNARM
3808,TM_TAX_WMFN             ARM            ,17.0,17.10,17.10.1,TM_TAX_WMFN,2017.0,3.99269,TM_TAX_WMFNARM
3819,TM_TAX_WMFN             ARM            ,17.0,17.10,17.10.1,TM_TAX_WMFN,2018.0,3.99269,TM_TAX_WMFNARM
3825,TM_TAX_WMFN             ARM            ,17.0,17.10,17.10.1,TM_TAX_WMFN,2019.0,1.45621,TM_TAX_WMFNARM
3867,TM_TAX_DMFN             AGR            ,17.0,17.12,17.12.1,TM_TAX_DMFN,2012.0,6.49071,TM_TAX_DMFNAGR
3877,TM_TAX_DMFN             AGR            ,17.0,17.12,17.12.1,TM_TAX_DMFN,2013.0,6.4898,TM_TAX_DMFNAGR
3878,TM_TAX_DMFN             AGR            ,17.0,17.12,17.12.1,TM_TAX_DMFN,2014.0,6.4917,TM_TAX_DMFNAGR
3888,TM_TAX_DMFN             AGR            ,17.0,17.12,17.12.1,TM_TAX_DMFN,2015.0,6.32909,TM_TAX_DMFNAGR
3892,TM_TAX_DMFN             AGR            ,17.0,17.12,17.12.1,TM_TAX_DMFN,2016.0,6.43045,TM_TAX_DMFNAGR
3902,TM_TAX_DMFN             AGR            ,17.0,17.12,17.12.1,TM_TAX_DMFN,2017.0,6.47207,TM_TAX_DMFNAGR
3906,TM_TAX_DMFN             AGR            ,17.0,17.12,17.12.1,TM_TAX_DMFN,2018.0,6.3933,TM_TAX_DMFNAGR
3916,TM_TAX_DMFN             AGR            ,17.0,17.12,17.12.1,TM_TAX_DMFN,2019.0,6.4130400000000005,TM_TAX_DMFNAGR
4045,NE_CON_GOVT_KD_ZG                         ,17.0,17.13,17.13.1,NE_CON_GOVT_KD_ZG,2012.0,4.5267,NE_CON_GOVT_KD_ZG
4046,NE_CON_GOVT_KD_ZG                         ,17.0,17.13,17.13.1,NE_CON_GOVT_KD_ZG,2013.0,6.7456,NE_CON_GOVT_KD_ZG
4047,NE_CON_GOVT_KD_ZG                         ,17.0,17.13,17.13.1,NE_CON_GOVT_KD_ZG,2014.0,1.1639,NE_CON_GOVT_KD_ZG
4048,NE_CON_GOVT_KD_ZG                         ,17.0,17.13,17.13.1,NE_CON_GOVT_KD_ZG,2015.0,5.3125,NE_CON_GOVT_KD_ZG
4049,NE_CON_GOVT_KD_ZG                         ,17.0,17.13,17.13.1,NE_CON_GOVT_KD_ZG,2016.0,-0.141,NE_CON_GOVT_KD_ZG
4050,NE_CON_GOVT_KD_ZG                         ,17.0,17.13,17.13.1,NE_CON_GOVT_KD_ZG,2017.0,2.1247,NE_CON_GOVT_KD_ZG
4051,NE_CON_GOVT_KD_ZG                         ,17.0,17.13,17.13.1,NE_CON_GOVT_KD_ZG,2018.0,4.8207,NE_CON_GOVT_KD_ZG
4052,NE_CON_GOVT_KD_ZG                         ,17.0,17.13,17.13.1,NE_CON_GOVT_KD_ZG,2019.0,3.264,NE_CON_GOVT_KD_ZG
4053,NE_CON_GOVT_KD_ZG                         ,17.0,17.13,17.13.1,NE_CON_GOVT_KD_ZG,2020.0,1.9426,NE_CON_GOVT_KD_ZG
4125,GF_COM_PPPI                         ,17.0,17.17,17.17.1,GF_COM_PPPI,2012.0,4578.0,GF_COM_PPPI
4126,GF_COM_PPPI                         ,17.0,17.17,17.17.1,GF_COM_PPPI,2013.0,2076.7,GF_COM_PPPI
4127,GF_COM_PPPI                         ,17.0,17.17,17.17.1,GF_COM_PPPI,2014.0,1690.5,GF_COM_PPPI
4128,GF_COM_PPPI                         ,17.0,17.17,17.17.1,GF_COM_PPPI,2015.0,210.0,GF_COM_PPPI
4129,GF_COM_PPPI                         ,17.0,17.17,17.17.1,GF_COM_PPPI,2016.0,8734.8,GF_COM_PPPI
4130,GF_COM_PPPI                         ,17.0,17.17,17.17.1,GF_COM_PPPI,2017.0,15381.99,GF_COM_PPPI
4131,GF_COM_PPPI                         ,17.0,17.17,17.17.1,GF_COM_PPPI,2018.0,6638.15,GF_COM_PPPI
4132,GF_COM_PPPI                         ,17.0,17.17,17.17.1,GF_COM_PPPI,2019.0,372.38,GF_COM_PPPI
4133,GF_COM_PPPI                         ,17.0,17.17,17.17.1,GF_COM_PPPI,2020.0,67273.92,GF_COM_PPPI
4144,SG_STT_FPOS                         ,17.0,17.18,17.18.2,SG_STT_FPOS,2019.0,1.0,SG_STT_FPOS
4145,SG_STT_FPOS                         ,17.0,17.18,17.18.2,SG_STT_FPOS,2020.0,1.0,SG_STT_FPOS
4146,SG_STT_NSDSFDDNR                         ,17.0,17.18,17.18.3,SG_STT_NSDSFDDNR,2019.0,,SG_STT_NSDSFDDNR
4147,SG_STT_NSDSFDDNR                         ,17.0,17.18,17.18.3,SG_STT_NSDSFDDNR,2020.0,,SG_STT_NSDSFDDNR
4154,SG_STT_CAPTY                         ,17.0,17.19,17.19.1,SG_STT_CAPTY,2018.0,782839.14,SG_STT_CAPTY
4155,BX_TRF_PWKR                         ,17.0,17.3,17.3.2,BX_TRF_PWKR,2012.0,0.7858,BX_TRF_PWKR
4156,BX_TRF_PWKR                         ,17.0,17.3,17.3.2,BX_TRF_PWKR,2013.0,0.8344,BX_TRF_PWKR
4157,BX_TRF_PWKR                         ,17.0,17.3,17.3.2,BX_TRF_PWKR,2014.0,0.9599,BX_TRF_PWKR
4158,BX_TRF_PWKR                         ,17.0,17.3,17.3.2,BX_TRF_PWKR,2015.0,1.122,BX_TRF_PWKR
4159,BX_TRF_PWKR                         ,17.0,17.3,17.3.2,BX_TRF_PWKR,2016.0,0.9558,BX_TRF_PWKR
4160,BX_TRF_PWKR                         ,17.0,17.3,17.3.2,BX_TRF_PWKR,2017.0,0.8851,BX_TRF_PWKR
4161,BX_TRF_PWKR                         ,17.0,17.3,17.3.2,BX_TRF_PWKR,2018.0,1.076,BX_TRF_PWKR
4162,BX_TRF_PWKR                         ,17.0,17.3,17.3.2,BX_TRF_PWKR,2019.0,1.0425,BX_TRF_PWKR
4163,BX_TRF_PWKR                         ,17.0,17.3,17.3.2,BX_TRF_PWKR,2020.0,0.9118,BX_TRF_PWKR
4164,GF_FRN_FDI                         ,17.0,17.3,17.3.1,GF_FRN_FDI,2012.0,19137.87,GF_FRN_FDI
4165,GF_FRN_FDI                         ,17.0,17.3,17.3.1,GF_FRN_FDI,2013.0,18816.66,GF_FRN_FDI
4166,GF_FRN_FDI                         ,17.0,17.3,17.3.1,GF_FRN_FDI,2014.0,21810.52,GF_FRN_FDI
4167,GF_FRN_FDI                         ,17.0,17.3,17.3.1,GF_FRN_FDI,2015.0,16641.45,GF_FRN_FDI
4168,GF_FRN_FDI                         ,17.0,17.3,17.3.1,GF_FRN_FDI,2016.0,3921.23,GF_FRN_FDI
4169,GF_FRN_FDI                         ,17.0,17.3,17.3.1,GF_FRN_FDI,2017.0,20579.23,GF_FRN_FDI
4170,GF_FRN_FDI                         ,17.0,17.3,17.3.1,GF_FRN_FDI,2018.0,20563.47,GF_FRN_FDI
4171,GF_FRN_FDI                         ,17.0,17.3,17.3.1,GF_FRN_FDI,2019.0,23429.03,GF_FRN_FDI
4172,DT_TDS_DECT                         ,17.0,17.4,17.4.1,DT_TDS_DECT,2012.0,4.6137,DT_TDS_DECT
4173,DT_TDS_DECT                         ,17.0,17.4,17.4.1,DT_TDS_DECT,2013.0,5.5799,DT_TDS_DECT
4174,DT_TDS_DECT                         ,17.0,17.4,17.4.1,DT_TDS_DECT,2014.0,14.1069,DT_TDS_DECT
4175,DT_TDS_DECT                         ,17.0,17.4,17.4.1,DT_TDS_DECT,2015.0,8.1693,DT_TDS_DECT
4176,DT_TDS_DECT                         ,17.0,17.4,17.4.1,DT_TDS_DECT,2016.0,9.3051,DT_TDS_DECT
4177,DT_TDS_DECT                         ,17.0,17.4,17.4.1,DT_TDS_DECT,2017.0,9.1826,DT_TDS_DECT
4178,DT_TDS_DECT                         ,17.0,17.4,17.4.1,DT_TDS_DECT,2018.0,7.8576,DT_TDS_DECT
4179,DT_TDS_DECT                         ,17.0,17.4,17.4.1,DT_TDS_DECT,2019.0,10.191,DT_TDS_DECT
4197,IT_NET_BBND      ANYS                   ,17.0,17.6,17.6.1,IT_NET_BBND,2012.0,1.20064,IT_NET_BBNDANYS
4198,IT_NET_BBND      ANYS                   ,17.0,17.6,17.6.1,IT_NET_BBND,2013.0,1.29139,IT_NET_BBNDANYS
4199,IT_NET_BBND      ANYS                   ,17.0,17.6,17.6.1,IT_NET_BBND,2014.0,1.33266,IT_NET_BBNDANYS
4200,IT_NET_BBND      ANYS                   ,17.0,17.6,17.6.1,IT_NET_BBND,2015.0,1.54151,IT_NET_BBNDANYS
4201,IT_NET_BBND      ANYS                   ,17.0,17.6,17.6.1,IT_NET_BBND,2016.0,1.99857,IT_NET_BBNDANYS
4202,IT_NET_BBND      ANYS                   ,17.0,17.6,17.6.1,IT_NET_BBND,2017.0,2.34872,IT_NET_BBNDANYS
4207,IT_NET_BBND      ANYS                   ,17.0,17.6,17.6.1,IT_NET_BBND,2018.0,3.31531,IT_NET_BBNDANYS
4210,IT_NET_BBND      ANYS                   ,17.0,17.6,17.6.1,IT_NET_BBND,2019.0,3.80022,IT_NET_BBNDANYS
4214,IT_USE_ii99                         ,17.0,17.8,17.8.1,IT_USE_ii99,2012.0,14.52,IT_USE_ii99
4215,IT_USE_ii99                         ,17.0,17.8,17.8.1,IT_USE_ii99,2013.0,14.94,IT_USE_ii99
4216,IT_USE_ii99                         ,17.0,17.8,17.8.1,IT_USE_ii99,2014.0,17.14,IT_USE_ii99
4217,IT_USE_ii99                         ,17.0,17.8,17.8.1,IT_USE_ii99,2015.0,22.06274,IT_USE_ii99
4218,IT_USE_ii99                         ,17.0,17.8,17.8.1,IT_USE_ii99,2016.0,25.44735,IT_USE_ii99
4219,IT_USE_ii99                         ,17.0,17.8,17.8.1,IT_USE_ii99,2017.0,32.335809999999995,IT_USE_ii99
4220,IT_USE_ii99                         ,17.0,17.8,17.8.1,IT_USE_ii99,2018.0,39.90464,IT_USE_ii99
4221,IT_USE_ii99                         ,17.0,17.8,17.8.1,IT_USE_ii99,2019.0,47.69065,IT_USE_ii99
4222,DC_FTA_TOTAL                         ,17.0,17.9,17.9.1,DC_FTA_TOTAL,2012.0,933.5716,DC_FTA_TOTAL
4223,DC_FTA_TOTAL                         ,17.0,17.9,17.9.1,DC_FTA_TOTAL,2013.0,1027.76824,DC_FTA_TOTAL
4224,DC_FTA_TOTAL                         ,17.0,17.9,17.9.1,DC_FTA_TOTAL,2014.0,439.25557,DC_FTA_TOTAL
4225,DC_FTA_TOTAL                         ,17.0,17.9,17.9.1,DC_FTA_TOTAL,2015.0,3409.18378,DC_FTA_TOTAL
4226,DC_FTA_TOTAL                         ,17.0,17.9,17.9.1,DC_FTA_TOTAL,2016.0,1053.97416,DC_FTA_TOTAL
4227,DC_FTA_TOTAL                         ,17.0,17.9,17.9.1,DC_FTA_TOTAL,2017.0,1168.4915,DC_FTA_TOTAL
4228,DC_FTA_TOTAL                         ,17.0,17.9,17.9.1,DC_FTA_TOTAL,2018.0,2042.80551,DC_FTA_TOTAL
4229,DC_FTA_TOTAL                         ,17.0,17.9,17.9.1,DC_FTA_TOTAL,2019.0,886.4735400000001,DC_FTA_TOTAL
